gene,baseMean,log2FC,lfcSE,stat,pval,padj,n_a,n_b,contrast,cell_state,tissue,contrast_label,method,is_sig
Rnf149,40.762061427750446,1.5288678023115008,0.42516325698589386,3.5959546766813526,0.000323204073390076,0.04952051643318103,3,3,SH_vs_SC,Areg,vWAT,obesity_SH_vs_SC,deseq2_pseudobulk,True
Fhl2,318.6245562087989,1.0125284461027946,0.2190981697418095,4.6213459806441195,3.812583309692494e-06,0.002352564564359726,3,3,SH_vs_SC,Areg,vWAT,obesity_SH_vs_SC,deseq2_pseudobulk,True
Aox3,94.97416866773109,-1.4467795357539521,0.2900403943860983,-4.98820013955717,6.094441470539177e-07,0.0005954269316716776,3,3,SH_vs_SC,Areg,vWAT,obesity_SH_vs_SC,deseq2_pseudobulk,True
Adam23,228.00508669004316,-1.088205990879892,0.26528125519333806,-4.102083994162358,4.094455746190175e-05,0.013334277546759336,3,3,SH_vs_SC,Areg,vWAT,obesity_SH_vs_SC,deseq2_pseudobulk,True
Ackr3,1450.8147012367756,0.9696856433825075,0.22709920826533989,4.269876811941762,1.955809612943437e-05,0.008000425210868993,3,3,SH_vs_SC,Areg,vWAT,obesity_SH_vs_SC,deseq2_pseudobulk,True
Rgs4,13.054142423206487,3.607907487217538,0.9325033387400335,3.869055838547901,0.00010925762054281524,0.02416861024988615,3,3,SH_vs_SC,Areg,vWAT,obesity_SH_vs_SC,deseq2_pseudobulk,True
Hmcn2,1127.5175715445994,0.9039497875713025,0.23638922770112333,3.8239889201474258,0.00013130981820260625,0.02609281878995518,3,3,SH_vs_SC,Areg,vWAT,obesity_SH_vs_SC,deseq2_pseudobulk,True
Ptgs1,95.34400612271067,1.2910842324402374,0.2930522960455917,4.405644486878126,1.054698217233555e-05,0.004946112759538479,3,3,SH_vs_SC,Areg,vWAT,obesity_SH_vs_SC,deseq2_pseudobulk,True
Pamr1,531.0096873195206,0.7419094696027729,0.19349439724071701,3.834268486233218,0.0001259385243767295,0.02574993157851482,3,3,SH_vs_SC,Areg,vWAT,obesity_SH_vs_SC,deseq2_pseudobulk,True
Cd44,215.8639432969252,0.9425291131983821,0.25984213785543253,3.6273143416129594,0.00028638455989381885,0.045994144934179894,3,3,SH_vs_SC,Areg,vWAT,obesity_SH_vs_SC,deseq2_pseudobulk,True
Grem1,9.083985391192805,-5.636399328821063,1.465326654831651,-3.8465138883784373,0.00011981034244902127,0.025083150979862953,3,3,SH_vs_SC,Areg,vWAT,obesity_SH_vs_SC,deseq2_pseudobulk,True
Thbs1,1243.3987666721243,1.0865509394294817,0.27658148699042256,3.9285020528763974,8.54766212514761e-05,0.021785389294615345,3,3,SH_vs_SC,Areg,vWAT,obesity_SH_vs_SC,deseq2_pseudobulk,True
Ccn5,599.7967906366779,1.398246520198072,0.2828952417101967,4.942630041230819,7.707566049757952e-07,0.0006454536026240159,3,3,SH_vs_SC,Areg,vWAT,obesity_SH_vs_SC,deseq2_pseudobulk,True
Pmepa1,1384.1875753646636,0.8845071069109737,0.19727013895258044,4.48373540773746,7.334760227748872e-06,0.0036363618659562263,3,3,SH_vs_SC,Areg,vWAT,obesity_SH_vs_SC,deseq2_pseudobulk,True
Noct,179.26749525533782,1.048838097535835,0.27104739217039814,3.8695745756390325,0.00010902542933966863,0.02416861024988615,3,3,SH_vs_SC,Areg,vWAT,obesity_SH_vs_SC,deseq2_pseudobulk,True
Postn,2595.7301648515963,1.5351788361229792,0.18821284214655415,8.156610455558576,3.4455740495619706e-16,4.039591015706454e-12,3,3,SH_vs_SC,Areg,vWAT,obesity_SH_vs_SC,deseq2_pseudobulk,True
P2ry1,56.25883221821885,-1.3703768770838791,0.3523399755494203,-3.8893596304165774,0.00010050908298153014,0.02389963025438328,3,3,SH_vs_SC,Areg,vWAT,obesity_SH_vs_SC,deseq2_pseudobulk,True
Gdf6,33.37270239261536,2.1513972103647663,0.5574044007040598,3.8596702997811425,0.00011354010865835011,0.024476731694029596,3,3,SH_vs_SC,Areg,vWAT,obesity_SH_vs_SC,deseq2_pseudobulk,True
Nr4a3,2048.658352353175,1.0056870227431096,0.2649612578885298,3.7956002728753866,0.00014728664854509485,0.02830801094332282,3,3,SH_vs_SC,Areg,vWAT,obesity_SH_vs_SC,deseq2_pseudobulk,True
Tnc,12.41284243012692,3.2277157307590185,0.8316394697485129,3.8811478389007643,0.00010396461471968162,0.02389963025438328,3,3,SH_vs_SC,Areg,vWAT,obesity_SH_vs_SC,deseq2_pseudobulk,True
Adamtsl1,217.36008439410975,-0.9752438478851112,0.24506263358441333,-3.9795697680249673,6.90400972199425e-05,0.019222716608188747,3,3,SH_vs_SC,Areg,vWAT,obesity_SH_vs_SC,deseq2_pseudobulk,True
Hacd4,100.74369129877384,1.0717624145224236,0.2778805840147314,3.8569172377498875,0.00011482601869427054,0.024476731694029596,3,3,SH_vs_SC,Areg,vWAT,obesity_SH_vs_SC,deseq2_pseudobulk,True
Gnai1,98.97294419925906,-1.4081945777748734,0.309146597972023,-4.555102941492862,5.235993040009199e-06,0.003069339120053393,3,3,SH_vs_SC,Areg,vWAT,obesity_SH_vs_SC,deseq2_pseudobulk,True
Fgl2,673.2330327698729,-0.8599121456960901,0.23928707514384728,-3.593642260783013,0.0003260874769521757,0.04952051643318103,3,3,SH_vs_SC,Areg,vWAT,obesity_SH_vs_SC,deseq2_pseudobulk,True
Limch1,62.71866853067099,1.2719033371941284,0.34702149740565974,3.6652004175617514,0.0002471449649772172,0.04139325099132707,3,3,SH_vs_SC,Areg,vWAT,obesity_SH_vs_SC,deseq2_pseudobulk,True
Inmt,1212.32673854904,-0.9378161122664733,0.22299595735234956,-4.205529658031678,2.604714271651193e-05,0.009253839430557147,3,3,SH_vs_SC,Areg,vWAT,obesity_SH_vs_SC,deseq2_pseudobulk,True
Fbln2,6079.243324695049,0.6969281849133442,0.18539322713026735,3.7591890259488534,0.00017046501312240663,0.03172272720392215,3,3,SH_vs_SC,Areg,vWAT,obesity_SH_vs_SC,deseq2_pseudobulk,True
Pcsk6,260.6815585463368,0.8056646949634003,0.2180599690270036,3.6946932468087725,0.00022015240597705483,0.037406765328623054,3,3,SH_vs_SC,Areg,vWAT,obesity_SH_vs_SC,deseq2_pseudobulk,True
Nox4,164.93916160936993,1.246861219734609,0.26860571596422983,4.641975749691988,3.4509337070422647e-06,0.002352564564359726,3,3,SH_vs_SC,Areg,vWAT,obesity_SH_vs_SC,deseq2_pseudobulk,True
Spon1,192.45211152683274,-1.3714371970454962,0.32571504406189045,-4.210542994707065,2.5475763259921848e-05,0.009253839430557147,3,3,SH_vs_SC,Areg,vWAT,obesity_SH_vs_SC,deseq2_pseudobulk,True
Rras2,89.28311890468677,1.2929250565828523,0.30000318807087234,4.309704389799395,1.6347291320275562e-05,0.007371370901496564,3,3,SH_vs_SC,Areg,vWAT,obesity_SH_vs_SC,deseq2_pseudobulk,True
Crlf1,38.01773120249428,2.489287540601321,0.5956877955036373,4.178845964934867,2.929920352975714e-05,0.010103054770084491,3,3,SH_vs_SC,Areg,vWAT,obesity_SH_vs_SC,deseq2_pseudobulk,True
Cdh13,137.91588092209582,-1.0369202850146026,0.26693336102199233,-3.8845660993613014,0.00010251280125164976,0.02389963025438328,3,3,SH_vs_SC,Areg,vWAT,obesity_SH_vs_SC,deseq2_pseudobulk,True
Agt,306.28777719398084,-1.6450335451395042,0.2509702689484168,-6.554694912797087,5.5755746944481916e-11,1.0894672952951767e-07,3,3,SH_vs_SC,Areg,vWAT,obesity_SH_vs_SC,deseq2_pseudobulk,True
Mmp3,242.15520166711372,1.3150369324430031,0.32143869008622206,4.09109722320689,4.2933708437414625e-05,0.013494296416940185,3,3,SH_vs_SC,Areg,vWAT,obesity_SH_vs_SC,deseq2_pseudobulk,True
Opcml,59.49430973134374,-1.3878165287955397,0.32522484994481915,-4.26725242253478,1.9789519883589286e-05,0.008000425210868993,3,3,SH_vs_SC,Areg,vWAT,obesity_SH_vs_SC,deseq2_pseudobulk,True
Thy1,187.65156018737204,1.428585611321797,0.3088595301451086,4.625357069767664,3.7395360950657786e-06,0.002352564564359726,3,3,SH_vs_SC,Areg,vWAT,obesity_SH_vs_SC,deseq2_pseudobulk,True
Loxl1,2505.1857028716554,0.6648362260181947,0.1818881435801704,3.655192762606631,0.00025698881026105106,0.042435729739444546,3,3,SH_vs_SC,Areg,vWAT,obesity_SH_vs_SC,deseq2_pseudobulk,True
Cilp,4395.578384123125,0.9057086947693899,0.22395643577488977,4.044128902282427,5.251802045068499e-05,0.015393031794095772,3,3,SH_vs_SC,Areg,vWAT,obesity_SH_vs_SC,deseq2_pseudobulk,True
Col12a1,148.01256270100833,1.3332783051812167,0.29666099286810704,4.494282488206937,6.980491270405193e-06,0.0036363618659562263,3,3,SH_vs_SC,Areg,vWAT,obesity_SH_vs_SC,deseq2_pseudobulk,True
Nt5e,41.73779646947129,-2.0659649602228685,0.41621742469972256,-4.96366763528304,6.917428096040584e-07,0.0006238455922921523,3,3,SH_vs_SC,Areg,vWAT,obesity_SH_vs_SC,deseq2_pseudobulk,True
Slco2a1,196.63271999372492,-1.3269197137049333,0.33929277416976944,-3.910839884379595,9.197573190712662e-05,0.02294305278466282,3,3,SH_vs_SC,Areg,vWAT,obesity_SH_vs_SC,deseq2_pseudobulk,True
Col6a6,419.1149007079182,-0.7866350461421938,0.2053097700108358,-3.831454519191546,0.0001273879249022398,0.02574993157851482,3,3,SH_vs_SC,Areg,vWAT,obesity_SH_vs_SC,deseq2_pseudobulk,True
Tnfaip3,30.981350873607976,-2.195998845766378,0.5406143856986123,-4.0620429345929905,4.8645127331876914e-05,0.014623473662536537,3,3,SH_vs_SC,Areg,vWAT,obesity_SH_vs_SC,deseq2_pseudobulk,True
Sgk1,999.604623957175,0.7716218972345829,0.20871729809125847,3.6969714742915216,0.0002181868483864747,0.037406765328623054,3,3,SH_vs_SC,Areg,vWAT,obesity_SH_vs_SC,deseq2_pseudobulk,True
Ccn2,1214.7022611308746,1.680738134929113,0.23855567553505058,7.045475364019017,1.8482941230797414e-12,5.4173500747467216e-09,3,3,SH_vs_SC,Areg,vWAT,obesity_SH_vs_SC,deseq2_pseudobulk,True
Rspo3,49.60876101345053,-1.4739030526336447,0.4088922469278798,-3.604624601487274,0.00031260444687402717,0.04952051643318103,3,3,SH_vs_SC,Areg,vWAT,obesity_SH_vs_SC,deseq2_pseudobulk,True
Lrrtm3,13.890044229286458,-2.4300589237987684,0.6529685093041248,-3.7215560768596747,0.00019799888290204296,0.03517180156278108,3,3,SH_vs_SC,Areg,vWAT,obesity_SH_vs_SC,deseq2_pseudobulk,True
Igf1,2295.198461419611,-0.8342546216255253,0.19630172023800221,-4.249858944761408,2.1390517513065957e-05,0.008359414244106175,3,3,SH_vs_SC,Areg,vWAT,obesity_SH_vs_SC,deseq2_pseudobulk,True
Irf1,289.3144303623894,-1.2583879305780759,0.21657359838025134,-5.810440145934354,6.23088070790419e-09,9.13038371586081e-06,3,3,SH_vs_SC,Areg,vWAT,obesity_SH_vs_SC,deseq2_pseudobulk,True
Mfap4,1127.2074644956076,1.0294295947581613,0.1898627501249307,5.42196715301338,5.8946715629484264e-08,6.282648127637032e-05,3,3,SH_vs_SC,Areg,vWAT,obesity_SH_vs_SC,deseq2_pseudobulk,True
Vtn,85.97636755476395,-1.5686541508414098,0.4238884779235992,-3.7006293696054198,0.00021506540147932942,0.037406765328623054,3,3,SH_vs_SC,Areg,vWAT,obesity_SH_vs_SC,deseq2_pseudobulk,True
Gngt2,78.02911210181055,1.3831393667923693,0.38552904983042524,3.587639809245873,0.0003336848173167265,0.04952051643318103,3,3,SH_vs_SC,Areg,vWAT,obesity_SH_vs_SC,deseq2_pseudobulk,True
Rhob,881.1677723879831,0.6741089355796314,0.18549950567294082,3.6340201184588112,0.000279039089476509,0.04543686506975822,3,3,SH_vs_SC,Areg,vWAT,obesity_SH_vs_SC,deseq2_pseudobulk,True
Id2,307.219230126702,-1.0311496697541895,0.2767539320662818,-3.725871795408609,0.0001946413212684943,0.03510730539310503,3,3,SH_vs_SC,Areg,vWAT,obesity_SH_vs_SC,deseq2_pseudobulk,True
Alkal2,155.7746694237683,-1.2530475551135178,0.3123406807977003,-4.01179747675937,6.025818433805651e-05,0.017230901297057913,3,3,SH_vs_SC,Areg,vWAT,obesity_SH_vs_SC,deseq2_pseudobulk,True
Lgmn,79.40739762595591,1.2897861052690036,0.3065625139887441,4.207253158539664,2.5849351040915892e-05,0.009253839430557147,3,3,SH_vs_SC,Areg,vWAT,obesity_SH_vs_SC,deseq2_pseudobulk,True
Sfrp4,887.3897587567975,1.8275348138841938,0.2750362111831509,6.6447061862236385,3.038225238729171e-11,7.124030539772161e-08,3,3,SH_vs_SC,Areg,vWAT,obesity_SH_vs_SC,deseq2_pseudobulk,True
Cmah,71.17743401740199,1.5287300114827014,0.3870609424468277,3.949584791011844,7.828687548244938e-05,0.020859893821732648,3,3,SH_vs_SC,Areg,vWAT,obesity_SH_vs_SC,deseq2_pseudobulk,True
Tgfbi,471.5103393682801,-1.634008112052069,0.20935347304911073,-7.805020324018026,5.949195683928066e-15,3.4874185099186326e-11,3,3,SH_vs_SC,Areg,vWAT,obesity_SH_vs_SC,deseq2_pseudobulk,True
F2r,181.8425414616695,1.4140545635791328,0.25852893506739605,5.4696181810771085,4.510061117690929e-08,5.2875956543808454e-05,3,3,SH_vs_SC,Areg,vWAT,obesity_SH_vs_SC,deseq2_pseudobulk,True
Cadps,29.02174729848561,-1.8122214385859048,0.4434337457597819,-4.086791896004294,4.373791059738374e-05,0.013494296416940185,3,3,SH_vs_SC,Areg,vWAT,obesity_SH_vs_SC,deseq2_pseudobulk,True
Fgf9,17.236276200027618,3.4846953654844524,0.7412648880818274,4.701012312213797,2.5887490377007603e-06,0.0018969058573752322,3,3,SH_vs_SC,Areg,vWAT,obesity_SH_vs_SC,deseq2_pseudobulk,True
Klf5,19.320581328181856,-2.1823157297967453,0.6065038794037844,-3.5981892349015836,0.0003204404389851082,0.04952051643318103,3,3,SH_vs_SC,Areg,vWAT,obesity_SH_vs_SC,deseq2_pseudobulk,True
Spry2,480.5670148490239,1.077245241275384,0.2885942350590116,3.7327330570380566,0.000189413303012124,0.03469814944553347,3,3,SH_vs_SC,Areg,vWAT,obesity_SH_vs_SC,deseq2_pseudobulk,True
C7,820.2339079306777,-1.519163567997701,0.3096627919144529,-4.905864080749435,9.301692411940054e-07,0.0007270202789172347,3,3,SH_vs_SC,Areg,vWAT,obesity_SH_vs_SC,deseq2_pseudobulk,True
Tnfrsf11b,198.66417151353986,1.0623174849103105,0.27954241386184353,3.8002014443337138,0.00014457851075084195,0.02825064100071452,3,3,SH_vs_SC,Areg,vWAT,obesity_SH_vs_SC,deseq2_pseudobulk,True
Ccn3,58.915902071989855,1.5932771378059036,0.40086659135014696,3.974581998563746,7.050296947732139e-05,0.019222716608188747,3,3,SH_vs_SC,Areg,vWAT,obesity_SH_vs_SC,deseq2_pseudobulk,True
Apod,773.6851575958605,-1.2539392272480532,0.21392032287379084,-5.861711549434482,4.581203391327705e-09,7.672861222846575e-06,3,3,SH_vs_SC,Areg,vWAT,obesity_SH_vs_SC,deseq2_pseudobulk,True
Lsamp,42.276196052146325,-1.926572232310487,0.4897001783902134,-3.934187319767146,8.347866267895362e-05,0.02174897424995672,3,3,SH_vs_SC,Areg,vWAT,obesity_SH_vs_SC,deseq2_pseudobulk,True
Col8a1,690.1141650764747,2.0428511069974458,0.2689577175879415,7.5954359120760016,3.067580238223956e-14,1.198810357097922e-10,3,3,SH_vs_SC,Areg,vWAT,obesity_SH_vs_SC,deseq2_pseudobulk,True
Vgll3,691.8774599044731,0.7286954271113254,0.19253698273694217,3.7847036800556983,0.00015389182861278385,0.029100448365423835,3,3,SH_vs_SC,Areg,vWAT,obesity_SH_vs_SC,deseq2_pseudobulk,True
Thbs2,248.78714208669598,1.6038785006540162,0.2769744633306017,5.790708938894478,7.008994664171553e-09,9.13038371586081e-06,3,3,SH_vs_SC,Areg,vWAT,obesity_SH_vs_SC,deseq2_pseudobulk,True
Pi16,2297.655589354689,0.7819278929001243,0.18186692894006323,4.299450688793559,1.7122196609254688e-05,0.007434838260996369,3,3,SH_vs_SC,Areg,vWAT,obesity_SH_vs_SC,deseq2_pseudobulk,True
C4b,475.6513710294976,0.726520924171792,0.20242103024912253,3.589157328552533,0.0003317485929232943,0.04952051643318103,3,3,SH_vs_SC,Areg,vWAT,obesity_SH_vs_SC,deseq2_pseudobulk,True
Lox,1419.2257810620956,0.6826208543836421,0.175153017346391,3.897282871431546,9.727797172871512e-05,0.02376014459473867,3,3,SH_vs_SC,Areg,vWAT,obesity_SH_vs_SC,deseq2_pseudobulk,True
Gstp1,149.88459625666113,1.8643550199656385,0.4160965039620507,4.480583235411355,7.443934218948263e-06,0.0036363618659562263,3,3,SH_vs_SC,Areg,vWAT,obesity_SH_vs_SC,deseq2_pseudobulk,True
Rbp4,211.48363709605243,-1.2127549425036805,0.2944513573672289,-4.118693672690994,3.81026256886019e-05,0.01276329095923339,3,3,SH_vs_SC,Areg,vWAT,obesity_SH_vs_SC,deseq2_pseudobulk,True
Vegfd,725.083738637694,0.8643085647604136,0.1905989162865624,4.534698211300109,5.768590706231799e-06,0.003220521782850553,3,3,SH_vs_SC,Areg,vWAT,obesity_SH_vs_SC,deseq2_pseudobulk,True
Gzma,138.07476616497826,-2.727839515385911,0.4150369705304336,-6.572521748844746,4.947015869637108e-11,6.23373469732972e-07,2,3,SH_vs_SC,CD4_Memory,vWAT,obesity_SH_vs_SC,deseq2_pseudobulk,True
Ly6a,30.216659369978213,-4.251633405894937,0.8183314087353546,-5.195490922761221,2.0418029943364002e-07,0.001286437976581649,2,3,SH_vs_SC,CD4_Memory,vWAT,obesity_SH_vs_SC,deseq2_pseudobulk,True
Rdh10,437.5404623265319,1.7432572935567974,0.2350906210192946,7.415256661445984,1.2138949206919352e-13,1.090886902061819e-10,3,3,SH_vs_SC,CP,vWAT,obesity_SH_vs_SC,deseq2_pseudobulk,True
Ogfrl1,662.3967566447169,-0.6974109564878099,0.19634044285672472,-3.552049421609641,0.00038224305847997167,0.01700540075349841,3,3,SH_vs_SC,CP,vWAT,obesity_SH_vs_SC,deseq2_pseudobulk,True
Rnf149,114.2659573352817,1.3329162588378967,0.304857375308258,4.372261807640744,1.2296594190851028e-05,0.0012750622284051682,3,3,SH_vs_SC,CP,vWAT,obesity_SH_vs_SC,deseq2_pseudobulk,True
Fhl2,215.1077495371172,1.8466368174988979,0.375784396023321,4.9140859414085325,8.919761925379504e-07,0.00015415178301809708,3,3,SH_vs_SC,CP,vWAT,obesity_SH_vs_SC,deseq2_pseudobulk,True
Cavin2,1441.462482516118,-0.7807743572346224,0.1767783766742861,-4.416684732167204,1.0022624727285579e-05,0.0010984144823073952,3,3,SH_vs_SC,CP,vWAT,obesity_SH_vs_SC,deseq2_pseudobulk,True
Nrp2,251.1820145706495,0.7893611861304412,0.24493510486857548,3.22273602452367,0.0012697250949970681,0.043221955253940604,3,3,SH_vs_SC,CP,vWAT,obesity_SH_vs_SC,deseq2_pseudobulk,True
Fn1,13584.71271839038,1.0163253871062041,0.23203669167135685,4.380020158818967,1.186683303255918e-05,0.001240038056425564,3,3,SH_vs_SC,CP,vWAT,obesity_SH_vs_SC,deseq2_pseudobulk,True
Rpl37a,13416.76997230108,0.7810357782596599,0.24438329491904576,3.1959458543121175,0.0013937326405132806,0.04661914638739212,3,3,SH_vs_SC,CP,vWAT,obesity_SH_vs_SC,deseq2_pseudobulk,True
Cyp27a1,747.9161137373127,-0.8386592558721515,0.17220958787507454,-4.869991655055451,1.1160296181019737e-06,0.00018805099065018256,3,3,SH_vs_SC,CP,vWAT,obesity_SH_vs_SC,deseq2_pseudobulk,True
Kcne4,60.93825635255246,1.876267622026517,0.4309418469606909,4.353876596713208,1.337510163515396e-05,0.0013470252779318429,3,3,SH_vs_SC,CP,vWAT,obesity_SH_vs_SC,deseq2_pseudobulk,True
Col4a4,976.0810752570163,-0.9582624609307505,0.16532962286117814,-5.796072381628621,6.788597345074038e-09,2.2601922485402713e-06,3,3,SH_vs_SC,CP,vWAT,obesity_SH_vs_SC,deseq2_pseudobulk,True
Col4a3,315.75274883027106,-1.1640184795833566,0.23117142972894322,-5.035304236982096,4.770904812017308e-07,9.18739955228476e-05,3,3,SH_vs_SC,CP,vWAT,obesity_SH_vs_SC,deseq2_pseudobulk,True
Ackr3,1530.058474343353,0.9675520405240841,0.2670046970206974,3.6237266659360765,0.0002903884864828756,0.01373486595715496,3,3,SH_vs_SC,CP,vWAT,obesity_SH_vs_SC,deseq2_pseudobulk,True
Ramp1,439.83773847579823,-0.9629877642733754,0.24792698749181194,-3.8841586953303304,0.00010268482521775659,0.006591387828263614,3,3,SH_vs_SC,CP,vWAT,obesity_SH_vs_SC,deseq2_pseudobulk,True
Serpinb8,13.51854893542261,2.2880550632381516,0.6917808045580015,3.307485619957401,0.0009413754485352598,0.03411220711358952,3,3,SH_vs_SC,CP,vWAT,obesity_SH_vs_SC,deseq2_pseudobulk,True
Gpr39,72.4623501411928,2.362200413004412,0.4013283156995374,5.88595501637348,3.95761954928472e-09,1.4826643794039465e-06,3,3,SH_vs_SC,CP,vWAT,obesity_SH_vs_SC,deseq2_pseudobulk,True
Lypd1,30.912235662441272,1.6813772110927974,0.528859526126067,3.179251063905387,0.0014765613769038793,0.048310794564719164,3,3,SH_vs_SC,CP,vWAT,obesity_SH_vs_SC,deseq2_pseudobulk,True
Lmod1,211.25852042782046,-1.199656173903406,0.2634363767189793,-4.553874407341772,5.266680638524887e-06,0.0006227618860290832,3,3,SH_vs_SC,CP,vWAT,obesity_SH_vs_SC,deseq2_pseudobulk,True
Nav1,6698.380305557585,-0.6672645799324591,0.18510126631256898,-3.6048623179362314,0.0003123184574526697,0.014417989063225986,3,3,SH_vs_SC,CP,vWAT,obesity_SH_vs_SC,deseq2_pseudobulk,True
Ptgs2,3451.9364267598307,1.1248532548168146,0.2578526223584682,4.362388268648427,1.2865029192119867e-05,0.0013238213245021055,3,3,SH_vs_SC,CP,vWAT,obesity_SH_vs_SC,deseq2_pseudobulk,True
Colgalt2,74.30606005080135,-1.3622441303303048,0.3999227188467405,-3.4062684267065797,0.0006585739370592851,0.025583794442533607,3,3,SH_vs_SC,CP,vWAT,obesity_SH_vs_SC,deseq2_pseudobulk,True
Dnm3os,433.8745979101568,1.2692744526105095,0.23077042043415077,5.500160940135267,3.79444745371845e-08,1.0229830335224943e-05,3,3,SH_vs_SC,CP,vWAT,obesity_SH_vs_SC,deseq2_pseudobulk,True
Fmo1,1065.5591263642493,-0.6996882857066901,0.17815052882487917,-3.9275116965522967,8.582924806555938e-05,0.005643796409384099,3,3,SH_vs_SC,CP,vWAT,obesity_SH_vs_SC,deseq2_pseudobulk,True
Atp1a2,1616.4423951207757,-0.6806989646799408,0.1818064483798783,-3.744085926246377,0.00018105169001576742,0.009762307125650179,3,3,SH_vs_SC,CP,vWAT,obesity_SH_vs_SC,deseq2_pseudobulk,True
Tagln2,1545.6565655877687,0.7525129272351815,0.20609564688729054,3.651280066321417,0.00026093649938214005,0.012790632769713628,3,3,SH_vs_SC,CP,vWAT,obesity_SH_vs_SC,deseq2_pseudobulk,True
Enah,124.12172646388937,1.4132099922088044,0.3266965007660193,4.325757970762436,1.5200825473051054e-05,0.0014741519955160302,3,3,SH_vs_SC,CP,vWAT,obesity_SH_vs_SC,deseq2_pseudobulk,True
Tgfb2,495.44806503618497,0.8780972803715255,0.2335911340043053,3.7591207565067144,0.00017051152945273345,0.009497914946375401,3,3,SH_vs_SC,CP,vWAT,obesity_SH_vs_SC,deseq2_pseudobulk,True
A330023F24Rik,16.875247723747474,-2.4716005306650675,0.7333702710821783,-3.3701946044498308,0.0007511511589958803,0.028684185901599057,3,3,SH_vs_SC,CP,vWAT,obesity_SH_vs_SC,deseq2_pseudobulk,True
St8sia6,151.03218466060022,-0.9794812681577129,0.28223834055342073,-3.4704047162306826,0.0005196746870638533,0.021367062934078505,3,3,SH_vs_SC,CP,vWAT,obesity_SH_vs_SC,deseq2_pseudobulk,True
Bmyc,764.3457545053992,-1.2410016854599464,0.2706640992114251,-4.58502508857134,4.539319263299733e-06,0.0005512614744980217,3,3,SH_vs_SC,CP,vWAT,obesity_SH_vs_SC,deseq2_pseudobulk,True
Ier5l,439.0380285382295,-0.9698050275515528,0.2695528772777465,-3.5978285127050174,0.0003208850670780816,0.014729681867200748,3,3,SH_vs_SC,CP,vWAT,obesity_SH_vs_SC,deseq2_pseudobulk,True
Ncs1,88.59972833207674,1.096119744948755,0.3325132821937178,3.2964690544607187,0.0009790840012210303,0.034823357088283616,3,3,SH_vs_SC,CP,vWAT,obesity_SH_vs_SC,deseq2_pseudobulk,True
Hmcn2,2298.501228439376,1.6268828528523178,0.24295414062558723,6.696254892644456,2.138286242413344e-11,1.2532216759883425e-08,3,3,SH_vs_SC,CP,vWAT,obesity_SH_vs_SC,deseq2_pseudobulk,True
Lamc3,125.5986745871261,-1.9752101634164154,0.3226240184415494,-6.122328315659081,9.221775886388999e-10,4.009985127371732e-07,3,3,SH_vs_SC,CP,vWAT,obesity_SH_vs_SC,deseq2_pseudobulk,True
Aif1l,36.13450493073716,2.667355365215226,0.5857139398169794,4.554024044653447,5.262933653166279e-06,0.0006227618860290832,3,3,SH_vs_SC,CP,vWAT,obesity_SH_vs_SC,deseq2_pseudobulk,True
Garnl3,344.4982448991149,-0.9855903842974899,0.22933869898170417,-4.297531941506813,1.727103790534067e-05,0.0015768358261928105,3,3,SH_vs_SC,CP,vWAT,obesity_SH_vs_SC,deseq2_pseudobulk,True
Ptgs1,62.301948969558055,1.6453166181089955,0.42550049683112934,3.8667795463514607,0.0001102820350042456,0.006916855964608556,3,3,SH_vs_SC,CP,vWAT,obesity_SH_vs_SC,deseq2_pseudobulk,True
Rpl35,4979.176804739127,1.1498411158013842,0.2685030346820633,4.282413854885926,1.8487671555978843e-05,0.0016614254171639653,3,3,SH_vs_SC,CP,vWAT,obesity_SH_vs_SC,deseq2_pseudobulk,True
Pkp4,16.811276012309854,2.566072980251389,0.8059237209510652,3.18401470702858,0.001452476325349536,0.04775458747734572,3,3,SH_vs_SC,CP,vWAT,obesity_SH_vs_SC,deseq2_pseudobulk,True
Pde11a,525.28975689422,-1.1065646820578805,0.21949787147037342,-5.041345843789826,4.6226916113624763e-07,9.030997524806693e-05,3,3,SH_vs_SC,CP,vWAT,obesity_SH_vs_SC,deseq2_pseudobulk,True
Olfr1033,144.66539134125483,1.5016182083026972,0.3233283411318505,4.644251731988908,3.4131120159865855e-06,0.0004340448110896148,3,3,SH_vs_SC,CP,vWAT,obesity_SH_vs_SC,deseq2_pseudobulk,True
Ptprj,83.50038552619426,1.3296646583409755,0.3670772438321423,3.622302064981742,0.0002919928709092642,0.013762461188310775,3,3,SH_vs_SC,CP,vWAT,obesity_SH_vs_SC,deseq2_pseudobulk,True
Mdk,266.80714428239975,1.5283088334177135,0.3641061342517999,4.197426765572705,2.69964915112577e-05,0.002288759154539332,3,3,SH_vs_SC,CP,vWAT,obesity_SH_vs_SC,deseq2_pseudobulk,True
Pamr1,831.0653107832953,1.1840537322545766,0.19147995177050478,6.183695584348721,6.261806597423397e-10,2.9106604459747377e-07,3,3,SH_vs_SC,CP,vWAT,obesity_SH_vs_SC,deseq2_pseudobulk,True
Cd44,709.6747678039629,1.4239524631973839,0.2654413570763185,5.364471003619739,8.118680004028078e-08,1.8868932147292845e-05,3,3,SH_vs_SC,CP,vWAT,obesity_SH_vs_SC,deseq2_pseudobulk,True
Fibin,286.0346315928465,1.1428147467164624,0.3212602112740224,3.557286917618585,0.00037470482513082663,0.0167808008065234,3,3,SH_vs_SC,CP,vWAT,obesity_SH_vs_SC,deseq2_pseudobulk,True
Thbs1,10053.244006041014,0.8765218673593915,0.22065335051988216,3.97239319182879,7.115414345171342e-05,0.004944112648088128,3,3,SH_vs_SC,CP,vWAT,obesity_SH_vs_SC,deseq2_pseudobulk,True
Gpr176,38.067185850230175,3.2213179041732145,0.5983885607656322,5.3833213322988165,7.312382770665534e-08,1.7601949955102034e-05,3,3,SH_vs_SC,CP,vWAT,obesity_SH_vs_SC,deseq2_pseudobulk,True
Ivd,152.9092941930334,-0.7953477037607268,0.2443258631257674,-3.2552743028736155,0.0011328289560311876,0.0391552162238472,3,3,SH_vs_SC,CP,vWAT,obesity_SH_vs_SC,deseq2_pseudobulk,True
Kcnip3,164.47015474013793,-1.1416483034644969,0.2631674329701367,-4.338106317258666,1.4371563437803961e-05,0.001414077920741587,3,3,SH_vs_SC,CP,vWAT,obesity_SH_vs_SC,deseq2_pseudobulk,True
Fbln7,347.8550881975496,2.0981055445789005,0.31848116006423555,6.58784822359893,4.462464663163328e-11,2.31361629459391e-08,3,3,SH_vs_SC,CP,vWAT,obesity_SH_vs_SC,deseq2_pseudobulk,True
Slc24a3,331.43714528882253,-0.9049276401984826,0.2081932336822347,-4.346575650867086,1.382793728630498e-05,0.001380745145328823,3,3,SH_vs_SC,CP,vWAT,obesity_SH_vs_SC,deseq2_pseudobulk,True
Tcf15,46.15322188875175,-2.149879525576482,0.5397530629679141,-3.9830798064489783,6.802789841035607e-05,0.004824031422391375,3,3,SH_vs_SC,CP,vWAT,obesity_SH_vs_SC,deseq2_pseudobulk,True
Dusp15,9.18606052410473,-3.2947536028901863,0.997463986575149,-3.303130385892844,0.000956119203904979,0.03436929831637098,3,3,SH_vs_SC,CP,vWAT,obesity_SH_vs_SC,deseq2_pseudobulk,True
D630003M21Rik,119.74090371969184,-1.1025919470323606,0.34645101328439426,-3.1825334744432294,0.001459926387405509,0.04788274380103713,3,3,SH_vs_SC,CP,vWAT,obesity_SH_vs_SC,deseq2_pseudobulk,True
Pltp,438.8334900426367,1.0598447292177466,0.2088935432566592,5.073611719609531,3.903351298445558e-07,7.853309776574048e-05,3,3,SH_vs_SC,CP,vWAT,obesity_SH_vs_SC,deseq2_pseudobulk,True
B4galt5,381.4834257670048,1.7164800558835906,0.29625320966548213,5.793962731481542,6.87447197256314e-09,2.2601922485402713e-06,3,3,SH_vs_SC,CP,vWAT,obesity_SH_vs_SC,deseq2_pseudobulk,True
Atp9a,311.3422832874995,0.9031677691295663,0.24466086940178108,3.6915088683282162,0.00022292762226614965,0.0112129266721929,3,3,SH_vs_SC,CP,vWAT,obesity_SH_vs_SC,deseq2_pseudobulk,True
Pmepa1,1217.5510850304875,1.1244563170121,0.2196877006921263,5.1184309065528,3.0808806245967426e-07,6.292465275691529e-05,3,3,SH_vs_SC,CP,vWAT,obesity_SH_vs_SC,deseq2_pseudobulk,True
Cyp7b1,70.39167039291353,1.1517934804084278,0.3342890512295007,3.4455016584365565,0.0005700004694683711,0.022936138293831766,3,3,SH_vs_SC,CP,vWAT,obesity_SH_vs_SC,deseq2_pseudobulk,True
Tnik,124.63943655665368,-1.1762204821642464,0.2755362407865882,-4.268841292188738,1.964910073308501e-05,0.001754105151536331,3,3,SH_vs_SC,CP,vWAT,obesity_SH_vs_SC,deseq2_pseudobulk,True
Skil,1238.799673840963,0.8372121473153339,0.22392133150141744,3.738867314256008,0.00018485125465218474,0.009927469771758766,3,3,SH_vs_SC,CP,vWAT,obesity_SH_vs_SC,deseq2_pseudobulk,True
Noct,681.8150792493467,1.2119664700278079,0.2724423476318303,4.448524543128736,8.646217081763293e-06,0.0009794202206904973,3,3,SH_vs_SC,CP,vWAT,obesity_SH_vs_SC,deseq2_pseudobulk,True
Lhfp,2388.6702415454006,0.7337947125265218,0.17526236632015013,4.186835587887167,2.8287057468431007e-05,0.002325058138258841,3,3,SH_vs_SC,CP,vWAT,obesity_SH_vs_SC,deseq2_pseudobulk,True
Postn,4895.315710435494,2.314154992863311,0.291801004746883,7.930592956219185,2.181019847232231e-15,2.672740685517316e-12,3,3,SH_vs_SC,CP,vWAT,obesity_SH_vs_SC,deseq2_pseudobulk,True
Siah2,176.1844391556341,0.8508000979714612,0.2610146499267494,3.2595875297046657,0.0011157434654757207,0.03886362251837911,3,3,SH_vs_SC,CP,vWAT,obesity_SH_vs_SC,deseq2_pseudobulk,True
P2ry1,501.63385331395347,-1.244965856420153,0.21151770375890544,-5.885870706308368,3.959637808497186e-09,1.4826643794039465e-06,3,3,SH_vs_SC,CP,vWAT,obesity_SH_vs_SC,deseq2_pseudobulk,True
Bche,12.219015643748612,-5.52816126188369,1.3867359732085878,-3.9864555104118327,6.706769657455308e-05,0.00478345264457659,3,3,SH_vs_SC,CP,vWAT,obesity_SH_vs_SC,deseq2_pseudobulk,True
Sfrp2,283.58175428214446,2.9655233799361316,0.7660626744012087,3.871123707018002,0.00010833479276901089,0.006856117401531769,3,3,SH_vs_SC,CP,vWAT,obesity_SH_vs_SC,deseq2_pseudobulk,True
Rps27,9505.840972249507,0.8233613183103811,0.25278044423437396,3.257219207776111,0.0011250951040315904,0.03898787147132606,3,3,SH_vs_SC,CP,vWAT,obesity_SH_vs_SC,deseq2_pseudobulk,True
BC028528,99.88391743391314,1.116081426873535,0.3360903252078432,3.3207782050356074,0.0008976684331208091,0.03279287392538891,3,3,SH_vs_SC,CP,vWAT,obesity_SH_vs_SC,deseq2_pseudobulk,True
Txnip,3555.5148123250606,-1.0373752864081716,0.2925118042578923,-3.5464390541093245,0.00039047505051931913,0.017257716986886627,3,3,SH_vs_SC,CP,vWAT,obesity_SH_vs_SC,deseq2_pseudobulk,True
Kcna2,78.09138537825622,-1.9951471292349263,0.42915364042340387,-4.649027623921611,3.3350354957033973e-06,0.00042815503316268375,3,3,SH_vs_SC,CP,vWAT,obesity_SH_vs_SC,deseq2_pseudobulk,True
Slc6a17,10.165268049984165,3.993393550626595,1.0409330199849554,3.8363597599049277,0.00012487144804762285,0.007448084600362637,3,3,SH_vs_SC,CP,vWAT,obesity_SH_vs_SC,deseq2_pseudobulk,True
4933431E20Rik,72.03042494409782,-1.2847640367071895,0.3264241454047961,-3.9358731723536065,8.289474452612445e-05,0.005504537715330825,3,3,SH_vs_SC,CP,vWAT,obesity_SH_vs_SC,deseq2_pseudobulk,True
Gstm5,1663.6710896976222,-1.2531590157770363,0.2538143809109253,-4.937305015104031,7.920953595773259e-07,0.000144289803339221,3,3,SH_vs_SC,CP,vWAT,obesity_SH_vs_SC,deseq2_pseudobulk,True
Dpyd,178.86282416649715,-0.9777000969056941,0.2530278231084736,-3.864002325493477,0.00011154415847818713,0.006932580624505784,3,3,SH_vs_SC,CP,vWAT,obesity_SH_vs_SC,deseq2_pseudobulk,True
Gm17494,18.627484395849894,2.5111804460032108,0.7821042094969776,3.2108003198426913,0.0013236587659558525,0.0447190981581075,3,3,SH_vs_SC,CP,vWAT,obesity_SH_vs_SC,deseq2_pseudobulk,True
Usp53,510.3118549671706,0.8414666979308694,0.20749277649965497,4.055402371717112,5.004807331447972e-05,0.003706857298237289,3,3,SH_vs_SC,CP,vWAT,obesity_SH_vs_SC,deseq2_pseudobulk,True
Synpo2,243.30737671733928,1.0686081235067781,0.2996932892033531,3.56567251254561,0.0003629243368981996,0.016416845843582988,3,3,SH_vs_SC,CP,vWAT,obesity_SH_vs_SC,deseq2_pseudobulk,True
Arsj,232.4417039619415,-0.8209883337494254,0.21905232637221478,-3.7479096768613993,0.00017831443970975813,0.009731492499139837,3,3,SH_vs_SC,CP,vWAT,obesity_SH_vs_SC,deseq2_pseudobulk,True
Mcub,20.93114050642339,2.540746142109388,0.6441706791619373,3.944212650931094,8.006259029622262e-05,0.005396218585965405,3,3,SH_vs_SC,CP,vWAT,obesity_SH_vs_SC,deseq2_pseudobulk,True
Dkk2,65.04366237372886,-1.8454601023159882,0.47587019644544887,-3.878074559198711,0.00010528645276485104,0.006726357266683375,3,3,SH_vs_SC,CP,vWAT,obesity_SH_vs_SC,deseq2_pseudobulk,True
Ccn1,6943.089358704801,0.8781588381124232,0.23449710936653947,3.7448599707034522,0.00018049441730278302,0.009762307125650179,3,3,SH_vs_SC,CP,vWAT,obesity_SH_vs_SC,deseq2_pseudobulk,True
Ddah1,8.179801498399362,4.211695119160418,1.1352028990367329,3.7100813631943836,0.00020719264858440876,0.010628400892462015,3,3,SH_vs_SC,CP,vWAT,obesity_SH_vs_SC,deseq2_pseudobulk,True
Lpar3,69.55627245328164,-1.3816421216507055,0.36980708546286556,-3.7361158722023573,0.00018688457779305104,0.009996841700993365,3,3,SH_vs_SC,CP,vWAT,obesity_SH_vs_SC,deseq2_pseudobulk,True
Gm11808,244.45265114208306,1.4676697927125233,0.4245895040029597,3.456679401811809,0.0005468750504952711,0.022104640125743917,3,3,SH_vs_SC,CP,vWAT,obesity_SH_vs_SC,deseq2_pseudobulk,True
Penk,6096.292344479949,-0.8247443347339993,0.2583064179840852,-3.192891377498849,0.0014085592081147002,0.04665203470610849,3,3,SH_vs_SC,CP,vWAT,obesity_SH_vs_SC,deseq2_pseudobulk,True
Tox,57.27212830074356,-1.665590623013628,0.38445865021513925,-4.3323010734225385,1.4755896785986156e-05,0.0014413731063412565,3,3,SH_vs_SC,CP,vWAT,obesity_SH_vs_SC,deseq2_pseudobulk,True
Car8,29.749412443835524,1.9790575466576827,0.5469186610095261,3.6185591894133813,0.0002962477494434465,0.013866040494783538,3,3,SH_vs_SC,CP,vWAT,obesity_SH_vs_SC,deseq2_pseudobulk,True
Myorg,155.7988590181966,-1.0629755504596314,0.29253618201864484,-3.633654965770636,0.00027943448711678626,0.013404899951367542,3,3,SH_vs_SC,CP,vWAT,obesity_SH_vs_SC,deseq2_pseudobulk,True
Tpm2,290.01554913150824,2.671506881403464,0.3526481943781048,7.5755580887481,3.5758706403943285e-14,3.443052588036825e-11,3,3,SH_vs_SC,CP,vWAT,obesity_SH_vs_SC,deseq2_pseudobulk,True
Nr4a3,3644.4446847855374,1.3644890563392296,0.2332401321707921,5.8501469864545905,4.911387929686777e-09,1.7422502445309937e-06,3,3,SH_vs_SC,CP,vWAT,obesity_SH_vs_SC,deseq2_pseudobulk,True
Ugcg,135.81354484507287,1.4835050782545682,0.33783206429307455,4.391250076747021,1.1270082724203205e-05,0.0011962261033248757,3,3,SH_vs_SC,CP,vWAT,obesity_SH_vs_SC,deseq2_pseudobulk,True
Tnc,219.65075144370266,5.095056973486447,0.3611680939188323,14.107162452261058,3.431082298829895e-45,4.625098938822699e-41,3,3,SH_vs_SC,CP,vWAT,obesity_SH_vs_SC,deseq2_pseudobulk,True
Pappa,320.1811117472635,-1.1270152531013344,0.20692319424131395,-5.446539027360116,5.135933826408191e-08,1.3313920765381234e-05,3,3,SH_vs_SC,CP,vWAT,obesity_SH_vs_SC,deseq2_pseudobulk,True
Ptprd,261.0831286018704,-0.9473385888079096,0.225280978625496,-4.2051423719299095,2.609178592687026e-05,0.0022545979121423787,3,3,SH_vs_SC,CP,vWAT,obesity_SH_vs_SC,deseq2_pseudobulk,True
Lurap1l,151.1853073382764,1.0717214900504608,0.2732146294216451,3.9226358131668735,8.758549217795945e-05,0.005703634949559871,3,3,SH_vs_SC,CP,vWAT,obesity_SH_vs_SC,deseq2_pseudobulk,True
Adamtsl1,459.81301579860695,-0.9326143690190769,0.19975348006178117,-4.6688266393688425,3.029248560079301e-06,0.0003964492290278542,3,3,SH_vs_SC,CP,vWAT,obesity_SH_vs_SC,deseq2_pseudobulk,True
Hacd4,115.60689255078837,1.6073696805087618,0.32187519067084525,4.993766923007384,5.921285236189506e-07,0.00011085961803310354,3,3,SH_vs_SC,CP,vWAT,obesity_SH_vs_SC,deseq2_pseudobulk,True
Cyp2j9,226.8906405508433,-0.7953319047260894,0.22915646724482217,-3.470693689287794,0.0005191158032885496,0.021367062934078505,3,3,SH_vs_SC,CP,vWAT,obesity_SH_vs_SC,deseq2_pseudobulk,True
Cdkn2c,137.4447278425815,1.2767444391605232,0.3428495913462158,3.7239199677833166,0.00019615313107883178,0.010371780107552719,3,3,SH_vs_SC,CP,vWAT,obesity_SH_vs_SC,deseq2_pseudobulk,True
Bend5,147.8744510677294,-1.1510112184532655,0.31858873561817136,-3.6128434240460794,0.0003028575970729803,0.01407765658118543,3,3,SH_vs_SC,CP,vWAT,obesity_SH_vs_SC,deseq2_pseudobulk,True
Cyp4b1,67.2224748155758,4.604703746998795,0.5330858347960589,8.637827993986004,5.729178780150844e-18,1.2871554992738896e-14,3,3,SH_vs_SC,CP,vWAT,obesity_SH_vs_SC,deseq2_pseudobulk,True
Ptprf,27.217138624666962,2.4118043606794317,0.5695294464260505,4.234731629442777,2.288248155781788e-05,0.0020160513163358495,3,3,SH_vs_SC,CP,vWAT,obesity_SH_vs_SC,deseq2_pseudobulk,True
Ctps,160.09459495265494,1.3020786403271014,0.3030203246169249,4.29700100801217,1.731244082170148e-05,0.0015768358261928105,3,3,SH_vs_SC,CP,vWAT,obesity_SH_vs_SC,deseq2_pseudobulk,True
Heyl,317.84151490781704,-0.8334430413183583,0.24447270910688051,-3.40914552124502,0.0006516670770602504,0.025462238257310657,3,3,SH_vs_SC,CP,vWAT,obesity_SH_vs_SC,deseq2_pseudobulk,True
Fndc5,227.65426540018416,-1.1792056920146319,0.2864494173858659,-4.116627999372628,3.84455853713143e-05,0.00303068123277963,3,3,SH_vs_SC,CP,vWAT,obesity_SH_vs_SC,deseq2_pseudobulk,True
Rsrp1,3112.9013949364726,-0.9030427020178318,0.22203041343339436,-4.0672027226068765,4.75808486553078e-05,0.003563276888186384,3,3,SH_vs_SC,CP,vWAT,obesity_SH_vs_SC,deseq2_pseudobulk,True
Mfap2,777.0745280937566,1.411322669238898,0.23500809281493515,6.0054215679725145,1.9083540013941587e-09,7.795336951149473e-07,3,3,SH_vs_SC,CP,vWAT,obesity_SH_vs_SC,deseq2_pseudobulk,True
Acot7,92.19681189405226,1.922539813339564,0.33149025074213334,5.799687348377282,6.643867417648082e-09,2.2601922485402713e-06,3,3,SH_vs_SC,CP,vWAT,obesity_SH_vs_SC,deseq2_pseudobulk,True
Vwa1,1892.0918181139798,-0.9911784393825036,0.15926538507380886,-6.223439191907009,4.86373375870456e-10,2.3415403952620525e-07,3,3,SH_vs_SC,CP,vWAT,obesity_SH_vs_SC,deseq2_pseudobulk,True
Steap1,14.529828014852763,3.5914358102360664,0.8331965952244289,4.31043025238081,1.6293721552701612e-05,0.0015235876625662437,3,3,SH_vs_SC,CP,vWAT,obesity_SH_vs_SC,deseq2_pseudobulk,True
Gnai1,793.7427561372933,-1.1064826197408153,0.2882305470896848,-3.8388804757620854,0.00012359657524914713,0.0074277399133265455,3,3,SH_vs_SC,CP,vWAT,obesity_SH_vs_SC,deseq2_pseudobulk,True
Fosl2,2627.73211794261,0.7807046627152705,0.19000626976925272,4.108836322419115,3.97657776298118e-05,0.003098512615317127,3,3,SH_vs_SC,CP,vWAT,obesity_SH_vs_SC,deseq2_pseudobulk,True
Dok7,87.76802481693755,-2.4473750576068007,0.45588344180435253,-5.368422787895682,7.942818191685198e-08,1.8784068284897625e-05,3,3,SH_vs_SC,CP,vWAT,obesity_SH_vs_SC,deseq2_pseudobulk,True
Cpz,108.96110874539242,2.2888154161526675,0.40789283053017444,5.611315632044064,2.007941415685041e-08,5.830376593369337e-06,3,3,SH_vs_SC,CP,vWAT,obesity_SH_vs_SC,deseq2_pseudobulk,True
Hs3st1,367.6981559832994,1.0701854801912483,0.22018815193265948,4.860322732162922,1.171945428130019e-06,0.0001944171788685768,3,3,SH_vs_SC,CP,vWAT,obesity_SH_vs_SC,deseq2_pseudobulk,True
Cd38,61.4725119748,-1.1365510344506193,0.3565017900104333,-3.188065435568661,0.0014322811997965399,0.047321447483473916,3,3,SH_vs_SC,CP,vWAT,obesity_SH_vs_SC,deseq2_pseudobulk,True
Ugdh,5788.379450182845,0.8511174924158993,0.25638787758685283,3.3196479507014853,0.0009013103119141491,0.03283692703946684,3,3,SH_vs_SC,CP,vWAT,obesity_SH_vs_SC,deseq2_pseudobulk,True
Uchl1,152.11760844900678,1.089506597311806,0.26666151779779146,4.085728628222897,4.3938709808385874e-05,0.0033462927017911953,3,3,SH_vs_SC,CP,vWAT,obesity_SH_vs_SC,deseq2_pseudobulk,True
Ociad2,53.71553151479384,1.7273266092012567,0.421774874357995,4.0953757898227305,4.2148415573149986e-05,0.003239310983024475,3,3,SH_vs_SC,CP,vWAT,obesity_SH_vs_SC,deseq2_pseudobulk,True
Sult1e1,6560.496835401865,-1.2308828832388405,0.3100991186749254,-3.969320804581731,7.207778792451197e-05,0.004957186638889904,3,3,SH_vs_SC,CP,vWAT,obesity_SH_vs_SC,deseq2_pseudobulk,True
Scarb2,1515.176643874927,0.7719968737316774,0.16330255203829105,4.727402383464651,2.2741032970892357e-06,0.0003128052290281928,3,3,SH_vs_SC,CP,vWAT,obesity_SH_vs_SC,deseq2_pseudobulk,True
Stbd1,83.62084326472736,1.308597944535089,0.3296026584016202,3.97022873201637,7.180366598684669e-05,0.004957186638889904,3,3,SH_vs_SC,CP,vWAT,obesity_SH_vs_SC,deseq2_pseudobulk,True
Anxa3,986.8627599915325,0.9101306780303146,0.23620233097729998,3.8531824570257176,0.00011659244139424037,0.007079577072046667,3,3,SH_vs_SC,CP,vWAT,obesity_SH_vs_SC,deseq2_pseudobulk,True
Asl,118.34131346545831,-0.9742194916719384,0.28395277663046753,-3.4309208144837933,0.0006015361663474522,0.023779200945347963,3,3,SH_vs_SC,CP,vWAT,obesity_SH_vs_SC,deseq2_pseudobulk,True
Serpine1,3743.6719571861045,0.7347342049478749,0.2300481430112349,3.193828019346335,0.0014039973187240276,0.04665203470610849,3,3,SH_vs_SC,CP,vWAT,obesity_SH_vs_SC,deseq2_pseudobulk,True
Pcolce,3545.135203305013,0.6833081602431916,0.20507996700294184,3.3319108162007347,0.0008625189209162043,0.031941634763600096,3,3,SH_vs_SC,CP,vWAT,obesity_SH_vs_SC,deseq2_pseudobulk,True
Sap25,117.43085102239688,-1.324937040685249,0.34300293254430064,-3.8627571806959007,0.00011211443443191846,0.006932580624505784,3,3,SH_vs_SC,CP,vWAT,obesity_SH_vs_SC,deseq2_pseudobulk,True
Mmd2,62.9032607641885,-3.6119305541957054,0.5887141178626667,-6.135287815602011,8.500515388635927e-10,3.819564914627076e-07,3,3,SH_vs_SC,CP,vWAT,obesity_SH_vs_SC,deseq2_pseudobulk,True
Fbxl18,523.3442131501389,-0.9544589586022924,0.2707756002597211,-3.5249075532906198,0.00042363060426487943,0.018421098533840562,3,3,SH_vs_SC,CP,vWAT,obesity_SH_vs_SC,deseq2_pseudobulk,True
D430018E03Rik,120.92755411038407,-1.1397837530410784,0.3362000688566255,-3.3901948828188546,0.000698429538742862,0.026976590780096794,3,3,SH_vs_SC,CP,vWAT,obesity_SH_vs_SC,deseq2_pseudobulk,True
Flt1,22.39915641910134,8.547795925897764,2.4497982471944897,3.489183623870539,0.00048449820549110025,0.02050677721567381,3,3,SH_vs_SC,CP,vWAT,obesity_SH_vs_SC,deseq2_pseudobulk,True
Tac1,30.473764290959906,2.159567230409949,0.6593882145716374,3.275107414245919,0.0010562180511824884,0.03717446300245416,3,3,SH_vs_SC,CP,vWAT,obesity_SH_vs_SC,deseq2_pseudobulk,True
Wnt2,11.158590271229917,3.28042053378384,0.9207714116656237,3.5626872122905553,0.0003670779540443693,0.016544275145902496,3,3,SH_vs_SC,CP,vWAT,obesity_SH_vs_SC,deseq2_pseudobulk,True
Cttnbp2,21.381485478092888,-3.034852655598452,0.762350388532436,-3.980915732778336,6.865028497721583e-05,0.004824031422391375,3,3,SH_vs_SC,CP,vWAT,obesity_SH_vs_SC,deseq2_pseudobulk,True
Fam180a,19.308290784658883,2.3123040162857347,0.6221733017466349,3.7164950823096627,0.00020200557106164567,0.010513649026683334,3,3,SH_vs_SC,CP,vWAT,obesity_SH_vs_SC,deseq2_pseudobulk,True
Tmem176b,259.015972809967,3.7011273033006034,1.0630005565905858,3.4817736268844603,0.0004981045860409505,0.020852328633018676,3,3,SH_vs_SC,CP,vWAT,obesity_SH_vs_SC,deseq2_pseudobulk,True
Tmem176a,82.14228555716548,4.186042594965913,0.5370155611161258,7.795011724177412,6.440249885233684e-15,6.6780437271500046e-12,3,3,SH_vs_SC,CP,vWAT,obesity_SH_vs_SC,deseq2_pseudobulk,True
Gadd45a,638.1686603231864,0.823120776267877,0.2355855977264743,3.4939350461633825,0.00047595680350238006,0.020432795258637206,3,3,SH_vs_SC,CP,vWAT,obesity_SH_vs_SC,deseq2_pseudobulk,True
Mxd1,101.40234258443012,-1.6472282783898222,0.40632790548590303,-4.0539383491763905,5.036249421329123e-05,0.0037097618688260426,3,3,SH_vs_SC,CP,vWAT,obesity_SH_vs_SC,deseq2_pseudobulk,True
Prokr1,174.91727986614606,-1.2912065381173667,0.26638492366389055,-4.84714570313498,1.252504406453168e-06,0.00019775819055914613,3,3,SH_vs_SC,CP,vWAT,obesity_SH_vs_SC,deseq2_pseudobulk,True
Adamts9,495.3622319195685,1.8442297847578677,0.3063191343640453,6.0206156843146825,1.7375486853274486e-09,7.319423836941877e-07,3,3,SH_vs_SC,CP,vWAT,obesity_SH_vs_SC,deseq2_pseudobulk,True
A730049H05Rik,17.36637453822532,2.509003985623126,0.6422295510882549,3.906709028526686,9.356170763073486e-05,0.0060635183599149324,3,3,SH_vs_SC,CP,vWAT,obesity_SH_vs_SC,deseq2_pseudobulk,True
Gxylt2,932.8608715071072,0.6746422561802281,0.1791089939076075,3.7666576170275348,0.00016544764799894692,0.009292642895940851,3,3,SH_vs_SC,CP,vWAT,obesity_SH_vs_SC,deseq2_pseudobulk,True
Lrrn1,235.28755349800784,-1.3976798477157002,0.2447076024998736,-5.711632304993148,1.1189765282619816e-08,3.5078613025515145e-06,3,3,SH_vs_SC,CP,vWAT,obesity_SH_vs_SC,deseq2_pseudobulk,True
Bhlhe40,1126.553863095659,1.7867681495254355,0.19022511529048564,9.392914005056214,5.836278705690542e-21,2.6224345650902834e-17,3,3,SH_vs_SC,CP,vWAT,obesity_SH_vs_SC,deseq2_pseudobulk,True
Plxnd1,355.1229985817926,-0.830347271774811,0.22403631379325273,-3.706306614833343,0.00021030367866646237,0.010738233289484518,3,3,SH_vs_SC,CP,vWAT,obesity_SH_vs_SC,deseq2_pseudobulk,True
Cxcl12,2865.7384188240685,0.6889437148534682,0.19157339465464063,3.596239008529671,0.0003228511857338913,0.014752657571840185,3,3,SH_vs_SC,CP,vWAT,obesity_SH_vs_SC,deseq2_pseudobulk,True
C1ra,3047.314464631069,0.6503731249415633,0.19337326100950264,3.363304324218864,0.000770154126455798,0.02912525317909038,3,3,SH_vs_SC,CP,vWAT,obesity_SH_vs_SC,deseq2_pseudobulk,True
Cd9,1375.9112602635303,1.3468963443648707,0.1946790022428983,6.918549657884351,4.56290851441473e-12,3.075400338715528e-09,3,3,SH_vs_SC,CP,vWAT,obesity_SH_vs_SC,deseq2_pseudobulk,True
Mgp,17388.361959858314,1.4059412035174323,0.17310431206805466,8.121930567302662,4.588258111858311e-16,6.872191038650004e-13,3,3,SH_vs_SC,CP,vWAT,obesity_SH_vs_SC,deseq2_pseudobulk,True
Ldhb,745.4352465888095,-0.918514171522257,0.22701991804068133,-4.045962924529212,5.210848042490823e-05,0.0038175125876508858,3,3,SH_vs_SC,CP,vWAT,obesity_SH_vs_SC,deseq2_pseudobulk,True
Caprin2,194.3392570768642,-0.8819969346264779,0.2757144025239087,-3.1989512573613017,0.0013792848651407424,0.04625064672163484,3,3,SH_vs_SC,CP,vWAT,obesity_SH_vs_SC,deseq2_pseudobulk,True
Ttyh1,41.93009635361283,-1.845642019449765,0.46364664393244953,-3.9807082475478106,6.871023984415015e-05,0.004824031422391375,3,3,SH_vs_SC,CP,vWAT,obesity_SH_vs_SC,deseq2_pseudobulk,True
Cox6b2,8.40561568975351,3.378625258534606,0.99853408193704,3.383585317368904,0.0007154597452655801,0.027476915573162453,3,3,SH_vs_SC,CP,vWAT,obesity_SH_vs_SC,deseq2_pseudobulk,True
Il11,126.47613600144831,1.9193275800616818,0.40584145782777464,4.729254596942088,2.2534565351403844e-06,0.0003128052290281928,3,3,SH_vs_SC,CP,vWAT,obesity_SH_vs_SC,deseq2_pseudobulk,True
Slc1a5,2233.883375534644,-0.6909419845396115,0.17554332778409085,-3.936019632654077,8.284419865299356e-05,0.005504537715330825,3,3,SH_vs_SC,CP,vWAT,obesity_SH_vs_SC,deseq2_pseudobulk,True
Apoc1,58.85759705752798,-1.5408431162502612,0.3948242212784974,-3.9026053448818065,9.516279830767866e-05,0.006137772828648366,3,3,SH_vs_SC,CP,vWAT,obesity_SH_vs_SC,deseq2_pseudobulk,True
Apoe,7752.302944576542,-0.9627863535166207,0.19568824335442359,-4.920001002680863,8.654376902026785e-07,0.00015415178301809708,3,3,SH_vs_SC,CP,vWAT,obesity_SH_vs_SC,deseq2_pseudobulk,True
Plaur,49.874326390773916,2.4740435389001676,0.6517451574555724,3.79602903159095,0.0001470322876976404,0.008565601594912488,3,3,SH_vs_SC,CP,vWAT,obesity_SH_vs_SC,deseq2_pseudobulk,True
Cadm4,10.045707276570536,4.600700678708209,1.1561557497598367,3.9793087390378785,6.911593730996734e-05,0.00482737220175316,3,3,SH_vs_SC,CP,vWAT,obesity_SH_vs_SC,deseq2_pseudobulk,True
Pafah1b3,16.495947777922755,2.6434862153860585,0.67142271009249,3.937141499163638,8.245798894218698e-05,0.005504537715330825,3,3,SH_vs_SC,CP,vWAT,obesity_SH_vs_SC,deseq2_pseudobulk,True
Lgals4,38.15170240116573,-6.064562248418744,0.9321165107059108,-6.5062276858779455,7.706140013497919e-11,3.847361754887109e-08,3,3,SH_vs_SC,CP,vWAT,obesity_SH_vs_SC,deseq2_pseudobulk,True
Rcn3,2451.558826766943,0.6123934650291569,0.18919879529718314,3.236772538996576,0.0012088972841516749,0.04146548445385389,3,3,SH_vs_SC,CP,vWAT,obesity_SH_vs_SC,deseq2_pseudobulk,True
Aldh1a3,2092.7479296053034,0.6782551764593937,0.19911035780362465,3.4064283944903173,0.0006581881322239086,0.025583794442533607,3,3,SH_vs_SC,CP,vWAT,obesity_SH_vs_SC,deseq2_pseudobulk,True
Mfge8,2104.7550263738863,0.5866610432254108,0.1727774294811872,3.395472689847426,0.0006851020829702554,0.026537862294365066,3,3,SH_vs_SC,CP,vWAT,obesity_SH_vs_SC,deseq2_pseudobulk,True
Anpep,325.44064930330757,1.2107496008658694,0.3061587911695357,3.9546458758893372,7.664809462216778e-05,0.005192041786466441,3,3,SH_vs_SC,CP,vWAT,obesity_SH_vs_SC,deseq2_pseudobulk,True
Nmb,1590.2236214977431,-0.8010114109635367,0.2288906038499285,-3.4995381963722623,0.0004660648258493315,0.020072057036578238,3,3,SH_vs_SC,CP,vWAT,obesity_SH_vs_SC,deseq2_pseudobulk,True
Nox4,223.59945863192794,1.0514011483342731,0.31844453092790304,3.3016775174961754,0.0009610849754114708,0.034455918799326135,3,3,SH_vs_SC,CP,vWAT,obesity_SH_vs_SC,deseq2_pseudobulk,True
Lrrc32,311.99447657092827,0.9870760562711897,0.24709364281392984,3.9947448466510824,6.476396170481613e-05,0.0046685465442830015,3,3,SH_vs_SC,CP,vWAT,obesity_SH_vs_SC,deseq2_pseudobulk,True
Arrb1,209.4472614599775,-0.7865966202572824,0.23990485871192496,-3.2787857006340113,0.00104254773152386,0.03678938068309327,3,3,SH_vs_SC,CP,vWAT,obesity_SH_vs_SC,deseq2_pseudobulk,True
Lmo1,280.94162546479936,-1.0257748009830086,0.22776741595151692,-4.503606438602075,6.68098820331023e-06,0.0007697412049625803,3,3,SH_vs_SC,CP,vWAT,obesity_SH_vs_SC,deseq2_pseudobulk,True
Mical2,103.86885331206982,1.6162436444089416,0.3583456844446331,4.5102919180227,6.473847632862877e-06,0.0007588475312260138,3,3,SH_vs_SC,CP,vWAT,obesity_SH_vs_SC,deseq2_pseudobulk,True
Spon1,1648.4511545564967,-0.9995268202747878,0.18350709992699774,-5.446801898522818,5.1283524962610684e-08,1.3313920765381234e-05,3,3,SH_vs_SC,CP,vWAT,obesity_SH_vs_SC,deseq2_pseudobulk,True
Rras2,93.5932717924549,1.2938280893951324,0.3828925104033832,3.3790895727682546,0.0007272630854660232,0.027850870432051117,3,3,SH_vs_SC,CP,vWAT,obesity_SH_vs_SC,deseq2_pseudobulk,True
Cdr2,216.020579031543,0.9193649774496571,0.2521080120730191,3.646710669327628,0.0002656187190726845,0.012926138386641832,3,3,SH_vs_SC,CP,vWAT,obesity_SH_vs_SC,deseq2_pseudobulk,True
H19,16.083864368188838,-6.88300638590209,1.8444171481730385,-3.7318056778641187,0.00019011213446659965,0.010129294753398275,3,3,SH_vs_SC,CP,vWAT,obesity_SH_vs_SC,deseq2_pseudobulk,True
Ccnd1,84.62610070317864,2.1044050447018945,0.37879118463836214,5.5555808319853135,2.7669013400196702e-08,7.611802053768398e-06,3,3,SH_vs_SC,CP,vWAT,obesity_SH_vs_SC,deseq2_pseudobulk,True
Sfrp1,2628.0405303585,-0.6980543916430356,0.22005366621926775,-3.1722006892058516,0.0015128841929828159,0.04937936784844639,3,3,SH_vs_SC,CP,vWAT,obesity_SH_vs_SC,deseq2_pseudobulk,True
Palld,369.1187963252292,1.2810949585260123,0.2754600189961397,4.650747368691518,3.3073427422005485e-06,0.00042815503316268375,3,3,SH_vs_SC,CP,vWAT,obesity_SH_vs_SC,deseq2_pseudobulk,True
Npy1r,42.37506328288657,2.3835851400257657,0.5852223326391898,4.0729565621265005,4.642008440468181e-05,0.0034957694847771556,3,3,SH_vs_SC,CP,vWAT,obesity_SH_vs_SC,deseq2_pseudobulk,True
Uba52,1527.16003673631,2.2641476417967765,0.7072435322559092,3.201369172758326,0.0013677617015001235,0.04597862278359517,3,3,SH_vs_SC,CP,vWAT,obesity_SH_vs_SC,deseq2_pseudobulk,True
Gm3336,442.8674500635136,-1.502447849087905,0.27823605568894344,-5.3999034933401315,6.667675587122813e-08,1.6644493873039912e-05,3,3,SH_vs_SC,CP,vWAT,obesity_SH_vs_SC,deseq2_pseudobulk,True
B3gnt3,35.13685619639117,1.729255135727082,0.46899329233618353,3.6871638976182166,0.0002267673113313715,0.011363655601289546,3,3,SH_vs_SC,CP,vWAT,obesity_SH_vs_SC,deseq2_pseudobulk,True
Tpm4,2400.6035709797648,0.7856936651140408,0.22058342111226212,3.5618890175530264,0.0003681960344043582,0.016544275145902496,3,3,SH_vs_SC,CP,vWAT,obesity_SH_vs_SC,deseq2_pseudobulk,True
Dnase2a,138.39998303246335,0.8623624044809877,0.25468558472861796,3.385988278056193,0.0007092241302970573,0.02731526078972666,3,3,SH_vs_SC,CP,vWAT,obesity_SH_vs_SC,deseq2_pseudobulk,True
Gnao1,272.0961256591593,-0.8461693745739169,0.2259826549382395,-3.7443996522882386,0.0001808256285184752,0.009762307125650179,3,3,SH_vs_SC,CP,vWAT,obesity_SH_vs_SC,deseq2_pseudobulk,True
Mt2,8826.558805094513,0.8422407753163785,0.23977403515542015,3.512643788850794,0.0004436718627485527,0.019168899711059263,3,3,SH_vs_SC,CP,vWAT,obesity_SH_vs_SC,deseq2_pseudobulk,True
Cx3cl1,14.304504534270999,4.551798496555302,1.1111168603081651,4.096597449968381,4.192670391508676e-05,0.003239310983024475,3,3,SH_vs_SC,CP,vWAT,obesity_SH_vs_SC,deseq2_pseudobulk,True
Cdh11,119.69324700368144,1.7585375884840106,0.4231116176687404,4.156202559913617,3.2358096197972146e-05,0.0026118990224470932,3,3,SH_vs_SC,CP,vWAT,obesity_SH_vs_SC,deseq2_pseudobulk,True
Cmtm4,103.20381756172196,0.9434863182068156,0.2760754158862679,3.417494872471711,0.0006320028457069201,0.024765692907352567,3,3,SH_vs_SC,CP,vWAT,obesity_SH_vs_SC,deseq2_pseudobulk,True
Il34,179.197437872489,1.339349274787049,0.3076398356893676,4.353627584626026,1.3390310626325442e-05,0.0013470252779318429,3,3,SH_vs_SC,CP,vWAT,obesity_SH_vs_SC,deseq2_pseudobulk,True
Znrf1,292.19508726356565,0.7077643799168006,0.20066519239952998,3.527090929191257,0.00042015244526820243,0.018328980460243914,3,3,SH_vs_SC,CP,vWAT,obesity_SH_vs_SC,deseq2_pseudobulk,True
Zfp469,25.02727424551709,2.7646186917286033,0.5981000329888592,4.6223349594433145,3.794446691744117e-06,0.0004692581780248688,3,3,SH_vs_SC,CP,vWAT,obesity_SH_vs_SC,deseq2_pseudobulk,True
Agt,1621.1811850023985,-1.2165876457229607,0.29372379880012733,-4.141944407272296,3.4437382566569714e-05,0.0027468397455465074,3,3,SH_vs_SC,CP,vWAT,obesity_SH_vs_SC,deseq2_pseudobulk,True
Sipa1l2,115.23226442150128,1.532545209634095,0.31741904876359844,4.828145051797052,1.3781070166450882e-06,0.00021352738602730792,3,3,SH_vs_SC,CP,vWAT,obesity_SH_vs_SC,deseq2_pseudobulk,True
Mmp3,242.21721849904546,3.9458967524118265,0.6921711094413349,5.700753323259386,1.1927913429340518e-08,3.6542789324434134e-06,3,3,SH_vs_SC,CP,vWAT,obesity_SH_vs_SC,deseq2_pseudobulk,True
Panx1,154.3663076982889,1.3391904962220444,0.359685032748913,3.7232310891204063,0.0001966893389858551,0.010371780107552719,3,3,SH_vs_SC,CP,vWAT,obesity_SH_vs_SC,deseq2_pseudobulk,True
Bmper,1782.2879954842304,-0.7205119578562721,0.21396686511947957,-3.367399702070396,0.0007588062226456766,0.028866826960907005,3,3,SH_vs_SC,CP,vWAT,obesity_SH_vs_SC,deseq2_pseudobulk,True
Gramd1b,32.527188507318755,-2.563644288952159,0.5929871485317629,-4.3232712467711085,1.5373252936037305e-05,0.0014773555127755862,3,3,SH_vs_SC,CP,vWAT,obesity_SH_vs_SC,deseq2_pseudobulk,True
Ubash3b,84.26737705040807,2.0394167733309154,0.5287761323637644,3.856862381844282,0.00011485178001768827,0.007005438889766687,3,3,SH_vs_SC,CP,vWAT,obesity_SH_vs_SC,deseq2_pseudobulk,True
Sorl1,19.91430401222128,-6.25768131932146,1.352218113764823,-4.627715939922538,3.6972064920064783e-06,0.0004614661436319197,3,3,SH_vs_SC,CP,vWAT,obesity_SH_vs_SC,deseq2_pseudobulk,True
Thy1,835.8889794604219,0.9563293536606148,0.19728868928853963,4.847360267379339,1.251150976036298e-06,0.00019775819055914613,3,3,SH_vs_SC,CP,vWAT,obesity_SH_vs_SC,deseq2_pseudobulk,True
Usp2,645.8767454114347,0.9626627980742791,0.2995358852271659,3.2138479746565336,0.001309689959956167,0.04435834336735963,3,3,SH_vs_SC,CP,vWAT,obesity_SH_vs_SC,deseq2_pseudobulk,True
Fxyd6,18.403810066467713,2.334396193906784,0.6214684873510941,3.75625834844299,0.0001724726504947678,0.009528407084710942,3,3,SH_vs_SC,CP,vWAT,obesity_SH_vs_SC,deseq2_pseudobulk,True
Cadm1,39.25986977027782,-2.212812266519141,0.619661068542394,-3.5710041809214483,0.00035561521787132546,0.01614038093234164,3,3,SH_vs_SC,CP,vWAT,obesity_SH_vs_SC,deseq2_pseudobulk,True
Ttc12,33.05745933745879,-1.5014723061698132,0.45522339485075836,-3.29831973302264,0.0009726531121146397,0.034686148019326304,3,3,SH_vs_SC,CP,vWAT,obesity_SH_vs_SC,deseq2_pseudobulk,True
Ncam1,16.63877488264275,4.080775138781378,1.0968228920510248,3.720541546275037,0.00019879603352994805,0.010427122692543579,3,3,SH_vs_SC,CP,vWAT,obesity_SH_vs_SC,deseq2_pseudobulk,True
Arhgap20,980.6910319839279,-0.6729741955201355,0.20616332496580467,-3.2642769786127506,0.0010974382353889265,0.038424590683227865,3,3,SH_vs_SC,CP,vWAT,obesity_SH_vs_SC,deseq2_pseudobulk,True
Gldn,11.95823425187477,-3.189776707657221,0.9701063168759227,-3.2880692066096455,0.0010087703834710702,0.03569087865929141,3,3,SH_vs_SC,CP,vWAT,obesity_SH_vs_SC,deseq2_pseudobulk,True
Fem1b,628.0251627949323,1.3444108687612495,0.25239251577176564,5.326666936419691,1.0003134485936389e-07,2.2854619130580088e-05,3,3,SH_vs_SC,CP,vWAT,obesity_SH_vs_SC,deseq2_pseudobulk,True
Cilp,587.3041553224169,1.5897083428895782,0.22915722745086478,6.93719487084665,3.99961953868014e-12,2.837624809547805e-09,3,3,SH_vs_SC,CP,vWAT,obesity_SH_vs_SC,deseq2_pseudobulk,True
Tln2,114.06309585265153,1.1985632521489955,0.3122786438374128,3.8381211005035136,0.00012397933831591044,0.0074277399133265455,3,3,SH_vs_SC,CP,vWAT,obesity_SH_vs_SC,deseq2_pseudobulk,True
Aldh1a2,370.3112508488851,2.647074460764002,0.3110254121726373,8.510798015741301,1.7274032078144332e-17,3.3264850344769373e-14,3,3,SH_vs_SC,CP,vWAT,obesity_SH_vs_SC,deseq2_pseudobulk,True
Col12a1,118.66364232037017,1.1717165523063542,0.3244512200419855,3.611379708033548,0.0003045723490241111,0.014108712250326522,3,3,SH_vs_SC,CP,vWAT,obesity_SH_vs_SC,deseq2_pseudobulk,True
Tpbg,174.42060863442214,1.4673056473591974,0.2615899311802944,5.609182435802138,2.0328464383409408e-08,5.830376593369337e-06,3,3,SH_vs_SC,CP,vWAT,obesity_SH_vs_SC,deseq2_pseudobulk,True
Nt5e,211.45884773771886,-1.59329700076577,0.2389702247203894,-6.667345283832036,2.6047180750001566e-11,1.4044639860400846e-08,3,3,SH_vs_SC,CP,vWAT,obesity_SH_vs_SC,deseq2_pseudobulk,True
Plod2,1136.452956620652,0.7923702653521832,0.17256160354356892,4.5918109769542275,4.3941627042261565e-06,0.0005384846659360781,3,3,SH_vs_SC,CP,vWAT,obesity_SH_vs_SC,deseq2_pseudobulk,True
Trf,9325.470343662799,-1.236009807041597,0.25507354412048006,-4.845699742415414,1.2616620465939589e-06,0.00019775819055914613,3,3,SH_vs_SC,CP,vWAT,obesity_SH_vs_SC,deseq2_pseudobulk,True
Col6a5,6347.162139019324,0.9429137207676687,0.26071055575393404,3.6167071104616766,0.0002983745943477331,0.013917264815942708,3,3,SH_vs_SC,CP,vWAT,obesity_SH_vs_SC,deseq2_pseudobulk,True
Ccrl2,37.10330097551118,1.513775435497363,0.4359622851608996,3.4722623653985973,0.0005160916920757345,0.021367062934078505,3,3,SH_vs_SC,CP,vWAT,obesity_SH_vs_SC,deseq2_pseudobulk,True
Csrnp1,1697.3052178270036,0.763372580677293,0.16145311223453165,4.728137910208847,2.265882673831619e-06,0.0003128052290281928,3,3,SH_vs_SC,CP,vWAT,obesity_SH_vs_SC,deseq2_pseudobulk,True
Myrip,13.768714565801218,-2.862769978832532,0.7689687015486866,-3.7228693093320633,0.00019697149165678754,0.010371780107552719,3,3,SH_vs_SC,CP,vWAT,obesity_SH_vs_SC,deseq2_pseudobulk,True
Cnksr3,43.47085549263992,1.6299030942311148,0.43154996915755744,3.7768583263090045,0.00015881900951929712,0.00895765794276203,3,3,SH_vs_SC,CP,vWAT,obesity_SH_vs_SC,deseq2_pseudobulk,True
Ulbp1,10.123717616399283,3.581204716972565,1.0094182920701043,3.547790589001779,0.0003884769561056948,0.01722588607994989,3,3,SH_vs_SC,CP,vWAT,obesity_SH_vs_SC,deseq2_pseudobulk,True
Hivep2,1097.5675671894007,0.8683866976904286,0.20545512837758753,4.2266489259615785,2.3719730541246052e-05,0.002076246543480499,3,3,SH_vs_SC,CP,vWAT,obesity_SH_vs_SC,deseq2_pseudobulk,True
Ccn2,471.8470304598407,1.2222014057651083,0.3375737582276851,3.620546253896797,0.0002939816877669393,0.013807920387102237,3,3,SH_vs_SC,CP,vWAT,obesity_SH_vs_SC,deseq2_pseudobulk,True
Rspo3,368.28525828259717,-1.509084770293309,0.29770417024869766,-5.069075011722683,3.99753671385774e-07,7.924528662176814e-05,3,3,SH_vs_SC,CP,vWAT,obesity_SH_vs_SC,deseq2_pseudobulk,True
Rnf217,741.2676197128685,1.4275584736542466,0.29622659580045246,4.81914349991685,1.4417582897441825e-06,0.0002208511562017225,3,3,SH_vs_SC,CP,vWAT,obesity_SH_vs_SC,deseq2_pseudobulk,True
Lrrtm3,119.8478553473429,-1.0880527296938063,0.2853804562388719,-3.812639253695333,0.00013749071845537368,0.008093340108202783,3,3,SH_vs_SC,CP,vWAT,obesity_SH_vs_SC,deseq2_pseudobulk,True
Mrln,31.21047555158525,-1.6649965936937514,0.48173153822008424,-3.4562748369052803,0.000547696572848551,0.022104640125743917,3,3,SH_vs_SC,CP,vWAT,obesity_SH_vs_SC,deseq2_pseudobulk,True
Slc16a9,379.23833886042553,-1.0957138086337896,0.2745884178848553,-3.990386109778533,6.59658194873062e-05,0.004729889610047275,3,3,SH_vs_SC,CP,vWAT,obesity_SH_vs_SC,deseq2_pseudobulk,True
Susd2,217.18711048349098,0.7869431217804276,0.22935560929970158,3.43110475555067,0.0006011284160407682,0.023779200945347963,3,3,SH_vs_SC,CP,vWAT,obesity_SH_vs_SC,deseq2_pseudobulk,True
Col6a2,16068.565922962516,0.8201367324729393,0.21707463920673473,3.7781324224239206,0.00015800885787211371,0.00895765794276203,3,3,SH_vs_SC,CP,vWAT,obesity_SH_vs_SC,deseq2_pseudobulk,True
Klf16,80.06726664669976,1.285539439719406,0.3616655078808736,3.5544983187692885,0.0003787009328146114,0.01690360455079789,3,3,SH_vs_SC,CP,vWAT,obesity_SH_vs_SC,deseq2_pseudobulk,True
Dot1l,778.9990019576552,1.0934268802002938,0.24721428440531415,4.42299231547475,9.734320504441704e-06,0.0010755626262284768,3,3,SH_vs_SC,CP,vWAT,obesity_SH_vs_SC,deseq2_pseudobulk,True
Glt8d2,252.24350609404266,-0.8922335379915561,0.23515047646833198,-3.794308867206205,0.00014805527979336867,0.008565601594912488,3,3,SH_vs_SC,CP,vWAT,obesity_SH_vs_SC,deseq2_pseudobulk,True
Igf1,4526.164425955988,-1.4965479625725318,0.2615238609403288,-5.722414609479917,1.0502063236183144e-08,3.3706622005654473e-06,3,3,SH_vs_SC,CP,vWAT,obesity_SH_vs_SC,deseq2_pseudobulk,True
Socs2,283.33446648117075,1.2934207784215244,0.2824553727051581,4.579204020918609,4.667487561567522e-06,0.0005617654672315196,3,3,SH_vs_SC,CP,vWAT,obesity_SH_vs_SC,deseq2_pseudobulk,True
Tmtc2,92.41891579175517,1.320178174538943,0.3494812205940782,3.7775368081145833,0.00015838710216258152,0.00895765794276203,3,3,SH_vs_SC,CP,vWAT,obesity_SH_vs_SC,deseq2_pseudobulk,True
Mdm2,595.8029577862707,0.6415096007956254,0.1986515166167572,3.229321435452414,0.001240843429594047,0.042453221905908,3,3,SH_vs_SC,CP,vWAT,obesity_SH_vs_SC,deseq2_pseudobulk,True
Avpr1a,483.96580448332674,-0.8888722556288434,0.26431889640745065,-3.3628782039806815,0.0007713438712859989,0.02912525317909038,3,3,SH_vs_SC,CP,vWAT,obesity_SH_vs_SC,deseq2_pseudobulk,True
Slc16a7,81.87715851259378,-1.3482266028880212,0.31991632965276995,-4.214310048978607,2.5054291051329706e-05,0.0021789151185285446,3,3,SH_vs_SC,CP,vWAT,obesity_SH_vs_SC,deseq2_pseudobulk,True
Aebp1,8935.623897409178,0.7128492212860369,0.17102360256718926,4.168133582649699,3.071039487893856e-05,0.0024938320660728417,3,3,SH_vs_SC,CP,vWAT,obesity_SH_vs_SC,deseq2_pseudobulk,True
Ltc4s,62.6577077706607,3.3284254797435278,0.39709050895223796,8.382032319346798,5.202154497915666e-17,8.765630328987897e-14,3,3,SH_vs_SC,CP,vWAT,obesity_SH_vs_SC,deseq2_pseudobulk,True
Gm12216,222.1163232318937,-1.1410717433594348,0.27753580574401987,-4.111439748469363,3.9319948996584536e-05,0.0030815867004299973,3,3,SH_vs_SC,CP,vWAT,obesity_SH_vs_SC,deseq2_pseudobulk,True
Galnt10,80.15652448424342,1.1931035336938345,0.3555337132808862,3.3558098406021877,0.0007913295943561952,0.029713434350756303,3,3,SH_vs_SC,CP,vWAT,obesity_SH_vs_SC,deseq2_pseudobulk,True
Mfap4,138.33826294557142,3.2252805654253263,0.8129178233881406,3.9675357983698247,7.261960663697128e-05,0.004969097956682095,3,3,SH_vs_SC,CP,vWAT,obesity_SH_vs_SC,deseq2_pseudobulk,True
Shisa6,38.384952950103205,-1.725411379300752,0.45656212407049684,-3.7791382340650195,0.0001573720473793322,0.00895765794276203,3,3,SH_vs_SC,CP,vWAT,obesity_SH_vs_SC,deseq2_pseudobulk,True
Aspa,478.5844681049107,-1.1758632548802612,0.20025733906189033,-5.871761106926803,4.311897968051427e-09,1.5709293137657633e-06,3,3,SH_vs_SC,CP,vWAT,obesity_SH_vs_SC,deseq2_pseudobulk,True
Vtn,2003.6427264537413,-0.8195547278901542,0.20093354267457103,-4.078735272276032,4.528136286205295e-05,0.00342917287292401,3,3,SH_vs_SC,CP,vWAT,obesity_SH_vs_SC,deseq2_pseudobulk,True
Adap2,583.8097567802889,-0.7787242412934292,0.20990596908369988,-3.7098718282895202,0.0002073642013885393,0.010628400892462015,3,3,SH_vs_SC,CP,vWAT,obesity_SH_vs_SC,deseq2_pseudobulk,True
Tmem98,27.828670894474836,2.4201739368742885,0.555377540262833,4.357709416424976,1.3143072116755106e-05,0.0013421864555595367,3,3,SH_vs_SC,CP,vWAT,obesity_SH_vs_SC,deseq2_pseudobulk,True
Ccl2,6167.988055153856,0.7253738960706645,0.21825208734401774,3.3235599480306504,0.0008887631813996321,0.032644489605632265,3,3,SH_vs_SC,CP,vWAT,obesity_SH_vs_SC,deseq2_pseudobulk,True
Unc45b,118.99130569826825,0.9826907760443137,0.2776863304093599,3.5388518210300433,0.00040187136781747856,0.017645687420780494,3,3,SH_vs_SC,CP,vWAT,obesity_SH_vs_SC,deseq2_pseudobulk,True
Cacna1g,61.41270359333174,-1.1928647443265967,0.367191052538008,-3.248621490315653,0.0011596567578100272,0.039979982340867436,3,3,SH_vs_SC,CP,vWAT,obesity_SH_vs_SC,deseq2_pseudobulk,True
Col1a1,32009.674840705495,1.0324813945203926,0.26084939810699015,3.9581513394825216,7.553209643963184e-05,0.0051422861616476625,3,3,SH_vs_SC,CP,vWAT,obesity_SH_vs_SC,deseq2_pseudobulk,True
Samd14,89.84051994315018,1.0433668139232528,0.3157210991918457,3.3047104441038906,0.0009507456924755039,0.03426751854163046,3,3,SH_vs_SC,CP,vWAT,obesity_SH_vs_SC,deseq2_pseudobulk,True
Gngt2,146.44809789981056,1.7975241768115942,0.26902731751066905,6.681567483347888,2.363998721849634e-11,1.3277792821055444e-08,3,3,SH_vs_SC,CP,vWAT,obesity_SH_vs_SC,deseq2_pseudobulk,True
Cwc25,417.85512786504114,1.4153591522442213,0.29148446807487344,4.855693209288458,1.1996631635945178e-06,0.00019483686078619397,3,3,SH_vs_SC,CP,vWAT,obesity_SH_vs_SC,deseq2_pseudobulk,True
B230217C12Rik,213.61567089247967,-1.0350219259284998,0.2694339452366194,-3.8414681751385635,0.0001223005947559814,0.007392879001392957,3,3,SH_vs_SC,CP,vWAT,obesity_SH_vs_SC,deseq2_pseudobulk,True
Wnk4,54.25415653333699,-1.4321457649468894,0.39199756054805784,-3.653455809634591,0.00025873433443704283,0.012728973825588824,3,3,SH_vs_SC,CP,vWAT,obesity_SH_vs_SC,deseq2_pseudobulk,True
Arl4d,294.95262242856427,-1.0658255221920718,0.30106318189221687,-3.5402054661524383,0.0003998156309811334,0.01761279315563947,3,3,SH_vs_SC,CP,vWAT,obesity_SH_vs_SC,deseq2_pseudobulk,True
Higd1b,74.58327802449482,1.4744807325065088,0.41728811219097267,3.5334836757384305,0.0004101214159369443,0.017949469762435093,3,3,SH_vs_SC,CP,vWAT,obesity_SH_vs_SC,deseq2_pseudobulk,True
Hexim1,806.9904560634036,-0.7636961399231322,0.23214311521695605,-3.289764330117643,0.0010027132664285042,0.035569933766990094,3,3,SH_vs_SC,CP,vWAT,obesity_SH_vs_SC,deseq2_pseudobulk,True
Itgb3,58.19565945005127,1.6337677123971905,0.42703625834330017,3.8258290261708474,0.00013033272700406154,0.007739582202708147,3,3,SH_vs_SC,CP,vWAT,obesity_SH_vs_SC,deseq2_pseudobulk,True
Ace,3663.9681456089133,-0.5795202823940465,0.15589691913358844,-3.7173299229695114,0.00020133944035835672,0.010513649026683334,3,3,SH_vs_SC,CP,vWAT,obesity_SH_vs_SC,deseq2_pseudobulk,True
Cacng4,39.3696084776213,-1.9134060215109585,0.4874719848194922,-3.925160996112383,8.667175114346517e-05,0.005671530123368498,3,3,SH_vs_SC,CP,vWAT,obesity_SH_vs_SC,deseq2_pseudobulk,True
Sox9,1258.4894051282154,-0.8738116587316233,0.17985135626977297,-4.8585213748453775,1.1826564293192359e-06,0.0001944171788685768,3,3,SH_vs_SC,CP,vWAT,obesity_SH_vs_SC,deseq2_pseudobulk,True
Rpl38,8193.755052109334,1.0118266045936553,0.23000793253819918,4.399094385258271,1.0870354475863409e-05,0.00117225902667711,3,3,SH_vs_SC,CP,vWAT,obesity_SH_vs_SC,deseq2_pseudobulk,True
Sept9,195.97298285848106,1.234893403590633,0.3571851486580957,3.4572921305098716,0.0005456330097585557,0.022104640125743917,3,3,SH_vs_SC,CP,vWAT,obesity_SH_vs_SC,deseq2_pseudobulk,True
A930037H05Rik,31.910154711583886,-2.063454069247774,0.6462362173192218,-3.1930337761129968,0.0014078647796234793,0.04665203470610849,3,3,SH_vs_SC,CP,vWAT,obesity_SH_vs_SC,deseq2_pseudobulk,True
Sdc1,121.73142835952454,1.0644282206529225,0.3267329939094147,3.2577922661463163,0.001122825683458079,0.03898787147132606,3,3,SH_vs_SC,CP,vWAT,obesity_SH_vs_SC,deseq2_pseudobulk,True
Sox11,121.47562838982452,1.2191682297960982,0.3216356511557079,3.790525787223393,0.00015032872365792715,0.008659962371405375,3,3,SH_vs_SC,CP,vWAT,obesity_SH_vs_SC,deseq2_pseudobulk,True
Alkal2,1661.7961378845018,-0.9087225555688003,0.24978400019835437,-3.638033480315715,0.0002747277185090923,0.013269096488758882,3,3,SH_vs_SC,CP,vWAT,obesity_SH_vs_SC,deseq2_pseudobulk,True
Rps29,12303.256559954418,0.9019988137397754,0.21464038363322335,4.202372351705761,2.641321958719918e-05,0.0022678356690155727,3,3,SH_vs_SC,CP,vWAT,obesity_SH_vs_SC,deseq2_pseudobulk,True
Actn1,174.55979088546778,2.818882052487335,0.3523709557605177,7.9997570923613095,1.246648971692082e-15,1.6804828138409265e-12,3,3,SH_vs_SC,CP,vWAT,obesity_SH_vs_SC,deseq2_pseudobulk,True
Erh,305.6647858092304,1.4874881015704537,0.33021509067941834,4.504603646398908,6.6496936903033604e-06,0.0007697412049625803,3,3,SH_vs_SC,CP,vWAT,obesity_SH_vs_SC,deseq2_pseudobulk,True
Ltbp2,35.72518073249228,4.533704619625408,0.653292351313725,6.939779121106265,3.927134700197054e-12,2.837624809547805e-09,3,3,SH_vs_SC,CP,vWAT,obesity_SH_vs_SC,deseq2_pseudobulk,True
Lgmn,242.32332951064896,1.6386409316785449,0.274589735734027,5.967597176559304,2.4077289358280833e-09,9.545937074988989e-07,3,3,SH_vs_SC,CP,vWAT,obesity_SH_vs_SC,deseq2_pseudobulk,True
Serpina3g,162.27371194291405,1.4444562622897383,0.3404659434375356,4.242586637904794,2.2095819660801344e-05,0.001959550322550014,3,3,SH_vs_SC,CP,vWAT,obesity_SH_vs_SC,deseq2_pseudobulk,True
Serpina3n,1173.952242245322,0.8800358351858089,0.20283127716493474,4.338758043071419,1.432901720600671e-05,0.001414077920741587,3,3,SH_vs_SC,CP,vWAT,obesity_SH_vs_SC,deseq2_pseudobulk,True
Hhipl1,257.28359657928286,1.0287867883000315,0.23889447052671503,4.306448726216895,1.6589636062218246e-05,0.0015317006446486437,3,3,SH_vs_SC,CP,vWAT,obesity_SH_vs_SC,deseq2_pseudobulk,True
Mirg,125.32916084339519,1.2315573741496266,0.30618497560478475,4.02226585976997,5.7640942836420425e-05,0.004199999510459175,3,3,SH_vs_SC,CP,vWAT,obesity_SH_vs_SC,deseq2_pseudobulk,True
Dio3os,159.94279089962478,-1.1415390724404524,0.2572346756490662,-4.43773402462195,9.091085719434233e-06,0.0010127920289088716,3,3,SH_vs_SC,CP,vWAT,obesity_SH_vs_SC,deseq2_pseudobulk,True
Ahnak2,674.7372827333426,1.016390162129923,0.214754691563946,4.732796078763567,2.214479398312007e-06,0.0003128052290281928,3,3,SH_vs_SC,CP,vWAT,obesity_SH_vs_SC,deseq2_pseudobulk,True
Crip1,4774.098507013871,1.1159983653277725,0.22702528213807902,4.915744866904345,8.84455221577447e-07,0.00015415178301809708,3,3,SH_vs_SC,CP,vWAT,obesity_SH_vs_SC,deseq2_pseudobulk,True
Gm47405,95.90639178865246,-1.1673641115464457,0.33661846095850984,-3.4679147074180525,0.0005245137373215933,0.021490714830076224,3,3,SH_vs_SC,CP,vWAT,obesity_SH_vs_SC,deseq2_pseudobulk,True
Amph,228.36468680091204,-0.8488949923293932,0.23274218334810837,-3.647361987060661,0.0002649465400240227,0.012926138386641832,3,3,SH_vs_SC,CP,vWAT,obesity_SH_vs_SC,deseq2_pseudobulk,True
Sfrp4,213.4811363209749,2.5308017239322487,0.3636037720422415,6.9603285733741895,3.394800251459839e-12,2.691876905275214e-09,3,3,SH_vs_SC,CP,vWAT,obesity_SH_vs_SC,deseq2_pseudobulk,True
Cmah,65.1923708658616,1.8629074620674444,0.4233745957616655,4.400139925060949,1.081810981009512e-05,0.00117225902667711,3,3,SH_vs_SC,CP,vWAT,obesity_SH_vs_SC,deseq2_pseudobulk,True
Sox4,918.8095550468328,1.2642970438491654,0.22350820964996265,5.656602260065469,1.5439900184538515e-08,4.625107877501759e-06,3,3,SH_vs_SC,CP,vWAT,obesity_SH_vs_SC,deseq2_pseudobulk,True
Foxc1,232.90437332912452,0.998331734916948,0.2407784859781599,4.146266352914533,3.3794068674265177e-05,0.00271157170076842,3,3,SH_vs_SC,CP,vWAT,obesity_SH_vs_SC,deseq2_pseudobulk,True
Tubb2b,110.83953628192585,1.9738970640423072,0.3798674723938606,5.196278195664245,2.0331792750239895e-07,4.492992889725144e-05,3,3,SH_vs_SC,CP,vWAT,obesity_SH_vs_SC,deseq2_pseudobulk,True
Nedd9,65.65662538979917,1.509014045328419,0.35154246194529787,4.292551280940938,1.7663173837026168e-05,0.0015979837806920317,3,3,SH_vs_SC,CP,vWAT,obesity_SH_vs_SC,deseq2_pseudobulk,True
Susd3,10.82174762844838,-6.309452976704916,1.8091347292032018,-3.4875528476996247,0.00048746257619877015,0.02050677721567381,3,3,SH_vs_SC,CP,vWAT,obesity_SH_vs_SC,deseq2_pseudobulk,True
Aspn,1517.0858686249242,1.1061517895631172,0.2042611889218412,5.415379178990174,6.115895860879218e-08,1.5555146453707898e-05,3,3,SH_vs_SC,CP,vWAT,obesity_SH_vs_SC,deseq2_pseudobulk,True
Ogn,10691.158873642073,-0.6546156216237858,0.15704097654992458,-4.168438301933753,3.0669375233295005e-05,0.0024938320660728417,3,3,SH_vs_SC,CP,vWAT,obesity_SH_vs_SC,deseq2_pseudobulk,True
Dbn1,806.4204513436025,0.7019878717968896,0.1921276778577637,3.6537571245543625,0.00025843073784273676,0.012728973825588824,3,3,SH_vs_SC,CP,vWAT,obesity_SH_vs_SC,deseq2_pseudobulk,True
Ell2,410.45638413819324,0.996271379736791,0.2453075072323042,4.061316308568291,4.8796804676107456e-05,0.0036341487681432515,3,3,SH_vs_SC,CP,vWAT,obesity_SH_vs_SC,deseq2_pseudobulk,True
Lhfpl2,307.06716319872567,0.9814837614938925,0.2531936936401716,3.8764147218008387,0.00010600693982776172,0.006740441268293528,3,3,SH_vs_SC,CP,vWAT,obesity_SH_vs_SC,deseq2_pseudobulk,True
F2rl1,6.3218902961295695,4.653348230657254,1.4269592641996869,3.261023876015895,0.0011101069236757158,0.038767464588468005,3,3,SH_vs_SC,CP,vWAT,obesity_SH_vs_SC,deseq2_pseudobulk,True
F2r,387.54886918154426,1.0019898250869197,0.2976012173237129,3.3668875218242627,0.0007602168821307111,0.028866826960907005,3,3,SH_vs_SC,CP,vWAT,obesity_SH_vs_SC,deseq2_pseudobulk,True
Enc1,1014.077892903415,1.071999163516467,0.23149524833312968,4.630760982073476,3.6432424747355717e-06,0.0004589804538265001,3,3,SH_vs_SC,CP,vWAT,obesity_SH_vs_SC,deseq2_pseudobulk,True
Serf1,346.37970768142094,0.8383364185367911,0.2300553258153152,3.6440643813210145,0.0002683662435410709,0.013012866773142576,3,3,SH_vs_SC,CP,vWAT,obesity_SH_vs_SC,deseq2_pseudobulk,True
Fgf10,296.7945322965279,-0.8208151979656481,0.22650256164736524,-3.6238671739331125,0.00029023069470798633,0.01373486595715496,3,3,SH_vs_SC,CP,vWAT,obesity_SH_vs_SC,deseq2_pseudobulk,True
Cadps,169.84613880066257,-1.582089424141607,0.30843787771786707,-5.129361658974871,2.9072632985205393e-07,6.029216809854903e-05,3,3,SH_vs_SC,CP,vWAT,obesity_SH_vs_SC,deseq2_pseudobulk,True
Wnt5a,835.1155616651707,-0.9407111040199465,0.19157952340168485,-4.910290449191468,9.094159194467605e-07,0.00015517628600180167,3,3,SH_vs_SC,CP,vWAT,obesity_SH_vs_SC,deseq2_pseudobulk,True
Nt5dc2,47.85369953968598,1.498755245079627,0.4535100703322978,3.3047893379334505,0.0009504781225256934,0.03426751854163046,3,3,SH_vs_SC,CP,vWAT,obesity_SH_vs_SC,deseq2_pseudobulk,True
Gdf10,3324.431183970215,-0.8714428233535372,0.17716302745007215,-4.918875207182413,8.704293810119883e-07,0.00015415178301809708,3,3,SH_vs_SC,CP,vWAT,obesity_SH_vs_SC,deseq2_pseudobulk,True
Prxl2a,55.00018052155033,-1.4407752761238166,0.3888848850591966,-3.704888853945814,0.00021148344511673337,0.010757723925183267,3,3,SH_vs_SC,CP,vWAT,obesity_SH_vs_SC,deseq2_pseudobulk,True
AC160336.1,77.0350300493684,1.8530068643453457,0.4413331648190602,4.198657640209409,2.685019051912119e-05,0.002288759154539332,3,3,SH_vs_SC,CP,vWAT,obesity_SH_vs_SC,deseq2_pseudobulk,True
Nefl,27.9074985025061,3.1849162103026414,0.5914365825028497,5.385051084977983,7.242407580408001e-08,1.7601949955102034e-05,3,3,SH_vs_SC,CP,vWAT,obesity_SH_vs_SC,deseq2_pseudobulk,True
Slc39a14,271.0479096625845,0.9314530047989523,0.20977427389540024,4.440263276818219,8.984888984387859e-06,0.0010093025292462361,3,3,SH_vs_SC,CP,vWAT,obesity_SH_vs_SC,deseq2_pseudobulk,True
Gm36107,15.962384086725507,3.103880266214314,0.8179096745654355,3.7948936939319613,0.00014770673028336899,0.008565601594912488,3,3,SH_vs_SC,CP,vWAT,obesity_SH_vs_SC,deseq2_pseudobulk,True
Gpc6,642.7506488308298,0.823918357762816,0.2136039527316654,3.8572243033247737,0.0001146819157636589,0.007005438889766687,3,3,SH_vs_SC,CP,vWAT,obesity_SH_vs_SC,deseq2_pseudobulk,True
Itgbl1,380.0843756879979,1.0707747552666764,0.26151036161095187,4.094578695354583,4.229367455580917e-05,0.003239310983024475,3,3,SH_vs_SC,CP,vWAT,obesity_SH_vs_SC,deseq2_pseudobulk,True
Plcxd3,84.30460733879391,-1.1939561475162623,0.34765049063503645,-3.4343577232850153,0.0005939597862833602,0.02361822395014659,3,3,SH_vs_SC,CP,vWAT,obesity_SH_vs_SC,deseq2_pseudobulk,True
C7,1433.2377659685787,-2.597352693486027,0.5929793129573615,-4.380174209673974,1.1858446551196759e-05,0.001240038056425564,3,3,SH_vs_SC,CP,vWAT,obesity_SH_vs_SC,deseq2_pseudobulk,True
Slc1a3,188.89170853745762,-1.037789573754259,0.27590473123976245,-3.7614055006994973,0.0001689612558186088,0.009450612981057455,3,3,SH_vs_SC,CP,vWAT,obesity_SH_vs_SC,deseq2_pseudobulk,True
Basp1,1008.2075990550242,0.7293466343840763,0.21016922412948416,3.470282756217103,0.0005199107301467173,0.021367062934078505,3,3,SH_vs_SC,CP,vWAT,obesity_SH_vs_SC,deseq2_pseudobulk,True
Cmbl,109.4035712601953,-1.026311366342469,0.2775442545568559,-3.6978296235356782,0.0002174507550443869,0.01101968487969299,3,3,SH_vs_SC,CP,vWAT,obesity_SH_vs_SC,deseq2_pseudobulk,True
Sema5a,379.67972682957344,-0.8060358591775134,0.23218980676626808,-3.4714523880408867,0.0005176511190369298,0.021367062934078505,3,3,SH_vs_SC,CP,vWAT,obesity_SH_vs_SC,deseq2_pseudobulk,True
Rida,140.07410909096455,-1.3591956604105262,0.3518671122668219,-3.862809603472814,0.00011209036946010093,0.006932580624505784,3,3,SH_vs_SC,CP,vWAT,obesity_SH_vs_SC,deseq2_pseudobulk,True
Cthrc1,83.93370658903596,1.7879736644532138,0.3796047935260933,4.710092430195595,2.4760447503964927e-06,0.000337142254902472,3,3,SH_vs_SC,CP,vWAT,obesity_SH_vs_SC,deseq2_pseudobulk,True
Angpt1,348.9166518292397,-0.8439336206619906,0.20145862887334187,-4.189116273557963,2.8004289200138655e-05,0.0023220465833285334,3,3,SH_vs_SC,CP,vWAT,obesity_SH_vs_SC,deseq2_pseudobulk,True
Tnfrsf11b,50.46710261205618,2.316958170914971,0.48128333158955955,4.814125108514839,1.4784616728969283e-06,0.0002239288016927033,3,3,SH_vs_SC,CP,vWAT,obesity_SH_vs_SC,deseq2_pseudobulk,True
Col14a1,1792.6712565613132,1.2974562670465892,0.18890251334720326,6.868390706172669,6.493018957375791e-12,4.1678997878774125e-09,3,3,SH_vs_SC,CP,vWAT,obesity_SH_vs_SC,deseq2_pseudobulk,True
Has2,514.2283490173321,0.8591188770045746,0.2689908566038237,3.193859032427655,0.0014038465035933906,0.04665203470610849,3,3,SH_vs_SC,CP,vWAT,obesity_SH_vs_SC,deseq2_pseudobulk,True
Fam83a,58.18868989795868,-1.2524090003830708,0.3783536406703188,-3.3101544844770414,0.0009324449259061301,0.033879670084136476,3,3,SH_vs_SC,CP,vWAT,obesity_SH_vs_SC,deseq2_pseudobulk,True
Ly6c1,1526.614646931687,1.2972415963302768,0.2511001173404272,5.166232537325144,2.388595939055418e-07,5.110837025153498e-05,3,3,SH_vs_SC,CP,vWAT,obesity_SH_vs_SC,deseq2_pseudobulk,True
Ly6h,8.99265061431468,4.168282211089645,1.146014406572605,3.6371987884129324,0.0002756192149000361,0.013269096488758882,3,3,SH_vs_SC,CP,vWAT,obesity_SH_vs_SC,deseq2_pseudobulk,True
Scrib,229.53157575210363,-0.9428441010914654,0.23451700812154908,-4.020365553200277,5.810790428733367e-05,0.004211261020393859,3,3,SH_vs_SC,CP,vWAT,obesity_SH_vs_SC,deseq2_pseudobulk,True
Nrbp2,128.7773016641222,-1.10448077508967,0.2975213421073315,-3.712274108696465,0.0002054053580522334,0.010608675197486997,3,3,SH_vs_SC,CP,vWAT,obesity_SH_vs_SC,deseq2_pseudobulk,True
Myh9,1070.3890471203858,0.9122896332352763,0.24933989928085087,3.6588192899191547,0.00025337992224515267,0.012603547423854826,3,3,SH_vs_SC,CP,vWAT,obesity_SH_vs_SC,deseq2_pseudobulk,True
Maff,1929.0384048599517,0.8900917716075201,0.20619111879187843,4.316828856755684,1.582867887793337e-05,0.0015026097977080411,3,3,SH_vs_SC,CP,vWAT,obesity_SH_vs_SC,deseq2_pseudobulk,True
Cpne8,313.24153709312276,0.7969344198896782,0.2228613694434571,3.575919962619951,0.0003489984238092248,0.015893576868068752,3,3,SH_vs_SC,CP,vWAT,obesity_SH_vs_SC,deseq2_pseudobulk,True
Vdr,39.47797114508046,1.8683645085700507,0.5304673147731342,3.522110517533199,0.00042812562321801724,0.018556699038517276,3,3,SH_vs_SC,CP,vWAT,obesity_SH_vs_SC,deseq2_pseudobulk,True
Fkbp11,474.89499617043975,1.1181704458991224,0.21743670852779756,5.142509990470045,2.7109202132962785e-07,5.7098756992552865e-05,3,3,SH_vs_SC,CP,vWAT,obesity_SH_vs_SC,deseq2_pseudobulk,True
Smim41,997.8909631600321,-1.0484929125712648,0.3004911876511442,-3.4892634315403437,0.0004843535661807143,0.02050677721567381,3,3,SH_vs_SC,CP,vWAT,obesity_SH_vs_SC,deseq2_pseudobulk,True
Ppl,598.0116820360479,-1.264114245075289,0.23969201577794372,-5.273910526274658,1.335470349833923e-07,3.000356719293547e-05,3,3,SH_vs_SC,CP,vWAT,obesity_SH_vs_SC,deseq2_pseudobulk,True
Tmem114,17.706158294702636,-4.022731508600109,0.9307290775906274,-4.322129398829711,1.54530509867476e-05,0.0014773555127755862,3,3,SH_vs_SC,CP,vWAT,obesity_SH_vs_SC,deseq2_pseudobulk,True
Pkp2,67.46202114706861,-1.2749360211308622,0.3932914476324006,-3.2417079720546385,0.0011881570547058714,0.04085805381998761,3,3,SH_vs_SC,CP,vWAT,obesity_SH_vs_SC,deseq2_pseudobulk,True
Kng2,22.836256046576505,1.9673254656463057,0.5640298343027481,3.487981213047546,0.0004866822741937145,0.02050677721567381,3,3,SH_vs_SC,CP,vWAT,obesity_SH_vs_SC,deseq2_pseudobulk,True
Tfrc,18.01911709880217,-2.6192895612981193,0.7501642781722946,-3.4916212855133204,0.000480098439815563,0.02050677721567381,3,3,SH_vs_SC,CP,vWAT,obesity_SH_vs_SC,deseq2_pseudobulk,True
Pdia5,155.04499313236008,1.0216116297053155,0.30401994553538664,3.3603440981684023,0.0007784545148493302,0.029311639274215002,3,3,SH_vs_SC,CP,vWAT,obesity_SH_vs_SC,deseq2_pseudobulk,True
Arhgap31,495.7918494195173,0.8395708956069076,0.22348421172547328,3.7567347112566125,0.00017214481539468845,0.009528407084710942,3,3,SH_vs_SC,CP,vWAT,obesity_SH_vs_SC,deseq2_pseudobulk,True
Col8a1,151.84168000834273,3.9640567843960173,0.43112634242322906,9.194652226804953,3.7620955379486556e-20,1.267826196288697e-16,3,3,SH_vs_SC,CP,vWAT,obesity_SH_vs_SC,deseq2_pseudobulk,True
Btg3,391.9801591657747,0.6262611702372689,0.19657327711271938,3.1858916910570563,0.0014430861114067715,0.047561860102110706,3,3,SH_vs_SC,CP,vWAT,obesity_SH_vs_SC,deseq2_pseudobulk,True
Adamts5,15546.66501281946,-0.5768210524767757,0.14917680931914498,-3.866693858847321,0.00011032077391623439,0.006916855964608556,3,3,SH_vs_SC,CP,vWAT,obesity_SH_vs_SC,deseq2_pseudobulk,True
Map3k7cl,16.85464143853577,3.972233294763424,0.8472129563500452,4.68858893739841,2.750953527748984e-06,0.00037082853554056303,3,3,SH_vs_SC,CP,vWAT,obesity_SH_vs_SC,deseq2_pseudobulk,True
Clic6,169.69718955769255,-2.241825602778338,0.33163126966310236,-6.7599946321580715,1.3799685288885513e-11,8.455443531553487e-09,3,3,SH_vs_SC,CP,vWAT,obesity_SH_vs_SC,deseq2_pseudobulk,True
Runx1,615.8118494432673,1.1050904505209818,0.2634164826463092,4.19522134461416,2.726052427096727e-05,0.0022890014631375896,3,3,SH_vs_SC,CP,vWAT,obesity_SH_vs_SC,deseq2_pseudobulk,True
Rnaset2b,224.2445576976789,1.555090465037453,0.4286209368698735,3.6281252996970794,0.00028548670804148904,0.013598448142753612,3,3,SH_vs_SC,CP,vWAT,obesity_SH_vs_SC,deseq2_pseudobulk,True
Fndc1,660.6329160506751,1.1738238387241813,0.25046772779635723,4.686527278590392,2.7787979680735413e-06,0.0003708732337587261,3,3,SH_vs_SC,CP,vWAT,obesity_SH_vs_SC,deseq2_pseudobulk,True
Rnaset2a,275.78673791591615,1.332661482439405,0.4143699633954559,3.2161150666405165,0.0012993872106499373,0.04412025088050669,3,3,SH_vs_SC,CP,vWAT,obesity_SH_vs_SC,deseq2_pseudobulk,True
Pde10a,248.31782494823733,1.1413385008341579,0.30743214531808605,3.7124891401751983,0.000205230869398427,0.010608675197486997,3,3,SH_vs_SC,CP,vWAT,obesity_SH_vs_SC,deseq2_pseudobulk,True
Thbs2,365.80076326578643,2.296006262772097,0.26201714234134843,8.762809342378544,1.904436082445359e-18,5.134359678272688e-15,3,3,SH_vs_SC,CP,vWAT,obesity_SH_vs_SC,deseq2_pseudobulk,True
Has1,3726.372015983407,2.3077091325151384,0.23928020038977796,9.64437980558346,5.192410720845886e-22,3.499684825850127e-18,3,3,SH_vs_SC,CP,vWAT,obesity_SH_vs_SC,deseq2_pseudobulk,True
Uqcc2,676.9142494407646,0.6962953530181555,0.2033286859320346,3.4244816456980485,0.0006159734513492761,0.024207936222123153,3,3,SH_vs_SC,CP,vWAT,obesity_SH_vs_SC,deseq2_pseudobulk,True
Mapk13,19.55776769020707,-2.8211415483626703,0.8204389189964078,-3.438575965915413,0.0005847824375279177,0.02339129750111671,3,3,SH_vs_SC,CP,vWAT,obesity_SH_vs_SC,deseq2_pseudobulk,True
Sik1,1260.3331334614315,0.6450685832774418,0.1938519467876017,3.3276353112111163,0.0008758644243046182,0.032346992985277406,3,3,SH_vs_SC,CP,vWAT,obesity_SH_vs_SC,deseq2_pseudobulk,True
Rps28,11080.912293500543,0.9188519295168641,0.21905747566794603,4.194570063017104,2.7338964062696733e-05,0.0022890014631375896,3,3,SH_vs_SC,CP,vWAT,obesity_SH_vs_SC,deseq2_pseudobulk,True
C4b,1341.620283234596,2.352398166566534,0.2980656001197798,7.8922162289818285,2.9686678821532347e-15,3.3348035876188e-12,3,3,SH_vs_SC,CP,vWAT,obesity_SH_vs_SC,deseq2_pseudobulk,True
Cfb,1166.8939943836242,0.9585008629228965,0.2018194801185149,4.749298047740655,2.0412392172244187e-06,0.0002958699424536039,3,3,SH_vs_SC,CP,vWAT,obesity_SH_vs_SC,deseq2_pseudobulk,True
Ly6g6e,17.82004325108531,-2.981878055682333,0.7119171503794076,-4.188518360729443,2.8078159724224845e-05,0.0023220465833285334,3,3,SH_vs_SC,CP,vWAT,obesity_SH_vs_SC,deseq2_pseudobulk,True
Lst1,61.60391737333285,1.6216175558603045,0.4415541221095106,3.672522743334563,0.0002401677689484476,0.011990598242315086,3,3,SH_vs_SC,CP,vWAT,obesity_SH_vs_SC,deseq2_pseudobulk,True
Ier3,3341.309161493667,0.9540448938710463,0.2214000790081015,4.309144324361943,1.638873969377636e-05,0.0015235876625662437,3,3,SH_vs_SC,CP,vWAT,obesity_SH_vs_SC,deseq2_pseudobulk,True
Adgrf5,13.232743993210088,2.571281611241499,0.8026887197497831,3.2033359233490013,0.001358454232170465,0.045779907624144675,3,3,SH_vs_SC,CP,vWAT,obesity_SH_vs_SC,deseq2_pseudobulk,True
Pla2g7,28.948401917667415,-6.797772872963697,1.3158073608417693,-5.166237152385983,2.388536992092104e-07,5.110837025153498e-05,3,3,SH_vs_SC,CP,vWAT,obesity_SH_vs_SC,deseq2_pseudobulk,True
C3,35263.798399371015,0.7555641926922043,0.17525619993373837,4.311198080169896,1.6237236816539608e-05,0.0015235876625662437,3,3,SH_vs_SC,CP,vWAT,obesity_SH_vs_SC,deseq2_pseudobulk,True
Lbh,237.2260941217544,1.1219625756798783,0.2852512265212006,3.9332436510890556,8.380720998414549e-05,0.005537848973462163,3,3,SH_vs_SC,CP,vWAT,obesity_SH_vs_SC,deseq2_pseudobulk,True
Ltbp1,3258.601007615521,-0.5775305654563067,0.15910831811006673,-3.629794924089305,0.0002836464822455607,0.01355870418677361,3,3,SH_vs_SC,CP,vWAT,obesity_SH_vs_SC,deseq2_pseudobulk,True
Vit,913.0015893254068,-0.7344023607169781,0.20414082102898076,-3.597528201440509,0.0003212556727712923,0.014729681867200748,3,3,SH_vs_SC,CP,vWAT,obesity_SH_vs_SC,deseq2_pseudobulk,True
Crem,204.52632164922667,0.8002257697082488,0.24454299178297548,3.272331641458059,0.0010666437777810502,0.03744364094918895,3,3,SH_vs_SC,CP,vWAT,obesity_SH_vs_SC,deseq2_pseudobulk,True
Ecscr,27.29951661111933,5.129281883619863,0.7286803958795327,7.039138026251839,1.9343268745830522e-12,1.6296703918362215e-09,3,3,SH_vs_SC,CP,vWAT,obesity_SH_vs_SC,deseq2_pseudobulk,True
Cystm1,477.2128408825165,-0.8062090146870594,0.24075170944925595,-3.3487156395746664,0.0008118707475920747,0.03040004910428102,3,3,SH_vs_SC,CP,vWAT,obesity_SH_vs_SC,deseq2_pseudobulk,True
Arhgap26,23.31646497098174,-2.409888813925761,0.7250137614866542,-3.323921478378892,0.0008876118390448075,0.032644489605632265,3,3,SH_vs_SC,CP,vWAT,obesity_SH_vs_SC,deseq2_pseudobulk,True
Ap3s1,560.5781892845897,0.6622168602286044,0.20542958449619741,3.2235710443198715,0.0012660288959779687,0.04320523928552662,3,3,SH_vs_SC,CP,vWAT,obesity_SH_vs_SC,deseq2_pseudobulk,True
Megf10,64.90355448170361,-1.8400119547215572,0.4462149837449411,-4.123599658798813,3.7299696578507843e-05,0.0029576465286957985,3,3,SH_vs_SC,CP,vWAT,obesity_SH_vs_SC,deseq2_pseudobulk,True
Fbn2,71.43063589857805,2.3918026690293672,0.47595542246572686,5.025266140762581,5.027348543592387e-07,9.544881460228927e-05,3,3,SH_vs_SC,CP,vWAT,obesity_SH_vs_SC,deseq2_pseudobulk,True
Synpo,30.850877389857533,2.297166102179677,0.6216426042078897,3.6953163869885897,0.00021961314193019553,0.011087584843516988,3,3,SH_vs_SC,CP,vWAT,obesity_SH_vs_SC,deseq2_pseudobulk,True
Apcdd1,105.56258377320229,-1.0976698311936255,0.33266070274702253,-3.299667866175245,0.0009679931588669928,0.03461153257699486,3,3,SH_vs_SC,CP,vWAT,obesity_SH_vs_SC,deseq2_pseudobulk,True
Ldlrad4,205.63273884315433,0.7658421554435929,0.2228691055291427,3.4362867550677643,0.0005897464096889287,0.023520063913037747,3,3,SH_vs_SC,CP,vWAT,obesity_SH_vs_SC,deseq2_pseudobulk,True
Smad7,1722.7424742709547,0.7460774784233039,0.2153997359810739,3.463687989333738,0.0005328241432461918,0.021699303477216512,3,3,SH_vs_SC,CP,vWAT,obesity_SH_vs_SC,deseq2_pseudobulk,True
Pqlc1,567.7683230734491,1.051658880467172,0.21278729701921092,4.94230104521806,7.720587681222528e-07,0.00014256646841490368,3,3,SH_vs_SC,CP,vWAT,obesity_SH_vs_SC,deseq2_pseudobulk,True
Gstp1,482.34721758768734,1.778909941957528,0.37319255684593106,4.766734784295106,1.872355150871907e-06,0.0002743407329755794,3,3,SH_vs_SC,CP,vWAT,obesity_SH_vs_SC,deseq2_pseudobulk,True
Gstp2,30.346520787010004,1.9676192009895732,0.5889856938014253,3.3406909907950153,0.0008357017898690302,0.031205706724195363,3,3,SH_vs_SC,CP,vWAT,obesity_SH_vs_SC,deseq2_pseudobulk,True
Actn3,55.455474621583114,-1.2438105579245258,0.3744647952769365,-3.3215687392046083,0.0008951293039583063,0.032788975590646655,3,3,SH_vs_SC,CP,vWAT,obesity_SH_vs_SC,deseq2_pseudobulk,True
Ppp1r14b,731.4320665003129,0.9780135137694037,0.2093505530288731,4.671654789631813,2.987828104457957e-06,0.0003948619887067967,3,3,SH_vs_SC,CP,vWAT,obesity_SH_vs_SC,deseq2_pseudobulk,True
Psat1,427.7384016739771,-1.2821054595109547,0.26854910953732364,-4.774193672508769,1.804286856256954e-06,0.000268098522143682,3,3,SH_vs_SC,CP,vWAT,obesity_SH_vs_SC,deseq2_pseudobulk,True
Cemip2,94.53307583847173,1.294852168565404,0.3448302370052974,3.755042422644369,0.00017331212059877398,0.009535703614985605,3,3,SH_vs_SC,CP,vWAT,obesity_SH_vs_SC,deseq2_pseudobulk,True
Vldlr,1266.936832082662,-0.7346106680398389,0.2113864739641838,-3.4752018625577117,0.0005104690647899042,0.021303786357176186,3,3,SH_vs_SC,CP,vWAT,obesity_SH_vs_SC,deseq2_pseudobulk,True
Mlana,8.512385163526714,3.6837089302435566,1.0709218770251483,3.4397550458828214,0.000582240899779013,0.02335895038399136,3,3,SH_vs_SC,CP,vWAT,obesity_SH_vs_SC,deseq2_pseudobulk,True
Il33,131.34949291308382,2.853834376919535,0.8556935712892899,3.3351125597678717,0.0008526487843997614,0.03166310086421153,3,3,SH_vs_SC,CP,vWAT,obesity_SH_vs_SC,deseq2_pseudobulk,True
Acta2,99.71283690248406,8.35164032820306,2.19028322506591,3.8130412691042466,0.00013726718099531417,0.008093340108202783,3,3,SH_vs_SC,CP,vWAT,obesity_SH_vs_SC,deseq2_pseudobulk,True
Pdlim1,425.2221763827399,1.1763913831500568,0.21152257906718716,5.561540466922883,2.674036545204837e-08,7.50958596445025e-06,3,3,SH_vs_SC,CP,vWAT,obesity_SH_vs_SC,deseq2_pseudobulk,True
Entpd1,193.69212429967146,1.0639647825400709,0.2838738416865686,3.748019811261152,0.00017823617901396873,0.009731492499139837,3,3,SH_vs_SC,CP,vWAT,obesity_SH_vs_SC,deseq2_pseudobulk,True
Maob,336.2402296789179,-1.1004688120202855,0.24578862721884034,-4.477297523780351,7.559386532656798e-06,0.0008635638174594375,3,3,SH_vs_SC,CP,vWAT,obesity_SH_vs_SC,deseq2_pseudobulk,True
Timp1,1955.267742758393,2.8855824706457,0.7636281872905251,3.778779409497976,0.00015759895266963546,0.00895765794276203,3,3,SH_vs_SC,CP,vWAT,obesity_SH_vs_SC,deseq2_pseudobulk,True
Il13ra1,124.42398070646475,1.1896766477797887,0.3563184123898839,3.3388020557243716,0.0008414049773839827,0.031331875953414606,3,3,SH_vs_SC,CP,vWAT,obesity_SH_vs_SC,deseq2_pseudobulk,True
Bgn,13699.592113284576,0.7871532614996598,0.20386523817787186,3.861145080618751,0.00011285686189200245,0.006946623279927822,3,3,SH_vs_SC,CP,vWAT,obesity_SH_vs_SC,deseq2_pseudobulk,True
Itm2a,503.7339544904325,-1.2318887227921382,0.3529310440088178,-3.490451587368325,0.00048220497095235527,0.02050677721567381,3,3,SH_vs_SC,CP,vWAT,obesity_SH_vs_SC,deseq2_pseudobulk,True
Pcdh11x,29.50686255948249,-2.0297854628546244,0.5820877835218426,-3.4870779293351326,0.0004883290420052888,0.02050677721567381,3,3,SH_vs_SC,CP,vWAT,obesity_SH_vs_SC,deseq2_pseudobulk,True
Col4a6,211.7892832625133,-0.797829897796408,0.2301771110305675,-3.4661565358271273,0.0005279558028834075,0.021566194614752527,3,3,SH_vs_SC,CP,vWAT,obesity_SH_vs_SC,deseq2_pseudobulk,True
Trpc5,27.54673029650999,-3.04905590561014,0.6443701063377234,-4.731839474893466,2.224943372715625e-06,0.0003128052290281928,3,3,SH_vs_SC,CP,vWAT,obesity_SH_vs_SC,deseq2_pseudobulk,True
Rtl4,49.601829210598275,-1.9112726448542519,0.4003862226070692,-4.773572458136092,1.8098639106138767e-06,0.000268098522143682,3,3,SH_vs_SC,CP,vWAT,obesity_SH_vs_SC,deseq2_pseudobulk,True
Map7d2,93.80307807799427,-1.580353908391693,0.43239967248771666,-3.6548452946309453,0.00025733710687065084,0.012728973825588824,3,3,SH_vs_SC,CP,vWAT,obesity_SH_vs_SC,deseq2_pseudobulk,True
Sh3kbp1,545.3631370975135,-0.7855150365486783,0.20668420669044205,-3.800556651748292,0.0001443714058509035,0.008461419786392083,3,3,SH_vs_SC,CP,vWAT,obesity_SH_vs_SC,deseq2_pseudobulk,True
Vegfd,1878.5762941106877,0.7761713661723669,0.17671451142301448,4.392233325504257,1.1219220055728814e-05,0.0011962261033248757,3,3,SH_vs_SC,CP,vWAT,obesity_SH_vs_SC,deseq2_pseudobulk,True
Gm21860,97.79417525454907,1.3795490359108584,0.4021986837551457,3.4300187733849308,0.0006035394899289366,0.023788632527023578,3,3,SH_vs_SC,CP,vWAT,obesity_SH_vs_SC,deseq2_pseudobulk,True
Col4a1,16.082822926099436,5.210808408954973,1.0535494072224876,4.945955427655193,7.577129661123189e-07,0.011457377760584374,2,3,SH_vs_SC,Fibroblast,vWAT,obesity_SH_vs_SC,deseq2_pseudobulk,True
Timp1,249.59329846964565,2.077429999538689,0.45755874834519855,4.540247579249435,5.618821087120865e-06,0.0424810968291773,2,3,SH_vs_SC,Fibroblast,vWAT,obesity_SH_vs_SC,deseq2_pseudobulk,True
Ctla4,163.7075701614366,1.3984425472219681,0.27294935547566246,5.123450629824478,2.9999422213005417e-07,0.0006235379906973175,3,3,SH_vs_SC,Treg,vWAT,obesity_SH_vs_SC,deseq2_pseudobulk,True
Arl5a,51.96354605483219,1.5428080509926059,0.38740583361658826,3.982407896623229,6.822056555408105e-05,0.04051327014404499,3,3,SH_vs_SC,Treg,vWAT,obesity_SH_vs_SC,deseq2_pseudobulk,True
Frmd5,40.62686944799516,1.7012082109202369,0.43498080700162833,3.910996033702858,9.191628182232843e-05,0.04761201893964879,3,3,SH_vs_SC,Treg,vWAT,obesity_SH_vs_SC,deseq2_pseudobulk,True
AA467197,65.0692571108719,1.8544549236760095,0.48963154829200495,3.7874498286414657,0.00015220140536990212,0.04937665629423143,3,3,SH_vs_SC,Treg,vWAT,obesity_SH_vs_SC,deseq2_pseudobulk,True
Tnfrsf9,86.79386344748228,1.8936496888629204,0.35491203902227764,5.335546503521276,9.525721053516104e-08,0.00039598422419466446,3,3,SH_vs_SC,Treg,vWAT,obesity_SH_vs_SC,deseq2_pseudobulk,True
Hopx,165.41655911239147,1.8154875687516525,0.38402682359978574,4.7275019795066875,2.2729884867442498e-06,0.0031496043797986156,3,3,SH_vs_SC,Treg,vWAT,obesity_SH_vs_SC,deseq2_pseudobulk,True
Uba52,157.56718885037594,1.579577702007692,0.41484340271164016,3.8076481189835016,0.00014029470952024465,0.04937665629423143,3,3,SH_vs_SC,Treg,vWAT,obesity_SH_vs_SC,deseq2_pseudobulk,True
Csf2,14.481520315040362,-2.679891997801022,0.7082425136499183,-3.7838620898232085,0.00015441340674164267,0.04937665629423143,3,3,SH_vs_SC,Treg,vWAT,obesity_SH_vs_SC,deseq2_pseudobulk,True
Ccl1,14.83146266715841,-2.764093331901381,0.6937514045371931,-3.9842706102272025,6.768770492711309e-05,0.04051327014404499,3,3,SH_vs_SC,Treg,vWAT,obesity_SH_vs_SC,deseq2_pseudobulk,True
Stat3,90.10563265187807,1.2498553370892707,0.30588404502123395,4.086042921926536,4.387926426726864e-05,0.03648122031180715,3,3,SH_vs_SC,Treg,vWAT,obesity_SH_vs_SC,deseq2_pseudobulk,True
Egln3,27.13013066195002,1.9636113254662126,0.517486178532082,3.7945193648190867,0.00014792973670641363,0.04937665629423143,3,3,SH_vs_SC,Treg,vWAT,obesity_SH_vs_SC,deseq2_pseudobulk,True
Tnfsf11,67.40353589680666,-1.6587003279648806,0.3774238273617778,-4.394794943285182,1.1087736737029962e-05,0.011522930403958388,3,3,SH_vs_SC,Treg,vWAT,obesity_SH_vs_SC,deseq2_pseudobulk,True
Pcyt1a,71.90628367933614,1.3097278507699446,0.3372785899690557,3.8832226228475046,0.00010308110908271326,0.04761201893964879,3,3,SH_vs_SC,Treg,vWAT,obesity_SH_vs_SC,deseq2_pseudobulk,True
Prex2,28.594129011686544,-2.5770446813183585,0.7222813708530513,-3.5679235064234547,0.0003598215080623623,0.039621883753174734,3,3,SH_vs_SC,WAT_IPC,vWAT,obesity_SH_vs_SC,deseq2_pseudobulk,True
Aox3,111.08669368964905,-2.0338984941697724,0.3070527688164891,-6.623937970041031,3.497535807135901e-11,3.081060004870795e-08,3,3,SH_vs_SC,WAT_IPC,vWAT,obesity_SH_vs_SC,deseq2_pseudobulk,True
Adam23,79.82107534649221,-1.7364559350191102,0.3848688210903894,-4.511812440663491,6.427601432543531e-06,0.0012268148600914754,3,3,SH_vs_SC,WAT_IPC,vWAT,obesity_SH_vs_SC,deseq2_pseudobulk,True
Cyp27a1,281.62743606854775,-1.2523699839432947,0.3363121079883456,-3.7238325775255574,0.00019622107756943948,0.023905572131119372,3,3,SH_vs_SC,WAT_IPC,vWAT,obesity_SH_vs_SC,deseq2_pseudobulk,True
Col4a4,58.24440739444188,-4.402409187141815,0.48607168211515994,-9.057119246248948,1.3394114029872494e-19,3.834734846752495e-16,3,3,SH_vs_SC,WAT_IPC,vWAT,obesity_SH_vs_SC,deseq2_pseudobulk,True
Col4a3,13.641013006140483,-4.681828098634534,0.9729290637771303,-4.812096043732747,1.4935554309929571e-06,0.00040724278085074636,3,3,SH_vs_SC,WAT_IPC,vWAT,obesity_SH_vs_SC,deseq2_pseudobulk,True
Ramp1,166.0417449475062,-2.5356321350249953,0.4275699426386909,-5.9303329868715275,3.0232095026082293e-09,1.9234330679927466e-06,3,3,SH_vs_SC,WAT_IPC,vWAT,obesity_SH_vs_SC,deseq2_pseudobulk,True
Cfh,797.5263549332616,-0.695693770140651,0.1793252656564042,-3.8795078183440905,0.00010466803709389521,0.014101863068226916,3,3,SH_vs_SC,WAT_IPC,vWAT,obesity_SH_vs_SC,deseq2_pseudobulk,True
Atp1a2,91.095883797598,-2.509609825491889,0.3923553248994755,-6.396268041308908,1.592204054770456e-10,1.302422916802233e-07,3,3,SH_vs_SC,WAT_IPC,vWAT,obesity_SH_vs_SC,deseq2_pseudobulk,True
Susd4,11.748329293977235,3.2493493560237043,0.8238610653346423,3.944050147222163,8.011689324449534e-05,0.011468733267949508,3,3,SH_vs_SC,WAT_IPC,vWAT,obesity_SH_vs_SC,deseq2_pseudobulk,True
Hmcn2,136.30719653376772,-1.6712986593927592,0.43225709157794084,-3.8664458998040643,0.00011043294735462644,0.014536530035691749,3,3,SH_vs_SC,WAT_IPC,vWAT,obesity_SH_vs_SC,deseq2_pseudobulk,True
Aif1l,721.7929441854831,1.1811775394028965,0.21724845385773217,5.436989393611083,5.418836252289919e-08,2.2983893615268205e-05,3,3,SH_vs_SC,WAT_IPC,vWAT,obesity_SH_vs_SC,deseq2_pseudobulk,True
Cd44,1288.6090875061786,1.137275554567715,0.22560745298015344,5.040948512759286,4.632300960631319e-07,0.00015156888743185674,3,3,SH_vs_SC,WAT_IPC,vWAT,obesity_SH_vs_SC,deseq2_pseudobulk,True
Thbs1,2092.67386876334,1.7271065060311572,0.25835608155392215,6.684984907818741,2.3094844381095158e-11,2.2040179821025146e-08,3,3,SH_vs_SC,WAT_IPC,vWAT,obesity_SH_vs_SC,deseq2_pseudobulk,True
Sord,182.86939743461198,0.9436524686802626,0.25198721639278,3.7448426241169446,0.0001805068882791089,0.02246918352796038,3,3,SH_vs_SC,WAT_IPC,vWAT,obesity_SH_vs_SC,deseq2_pseudobulk,True
Duoxa1,212.18516347142847,1.7051586808443868,0.2443174934845886,6.9792737987136695,2.9670973344290405e-12,3.3979198673881373e-09,3,3,SH_vs_SC,WAT_IPC,vWAT,obesity_SH_vs_SC,deseq2_pseudobulk,True
Duox1,172.93427441769396,2.0191315857796432,0.2679658825735962,7.535032319739784,4.882138893175998e-14,7.987179229235933e-11,3,3,SH_vs_SC,WAT_IPC,vWAT,obesity_SH_vs_SC,deseq2_pseudobulk,True
Adam33,176.94822927904826,-1.1372959125700788,0.241430495991496,-4.710655577703565,2.4692122262348874e-06,0.0006147264872791724,3,3,SH_vs_SC,WAT_IPC,vWAT,obesity_SH_vs_SC,deseq2_pseudobulk,True
Postn,7036.363203511005,1.4107754247793145,0.18604536154917173,7.582964783599009,3.377465459136555e-14,7.735746887606366e-11,3,3,SH_vs_SC,WAT_IPC,vWAT,obesity_SH_vs_SC,deseq2_pseudobulk,True
Tm4sf1,512.7749294302075,1.283236636996645,0.2842759883188787,4.514052152576496,6.360056601328412e-06,0.0012268148600914754,3,3,SH_vs_SC,WAT_IPC,vWAT,obesity_SH_vs_SC,deseq2_pseudobulk,True
Gask1b,224.93453707608305,-1.50575232416053,0.32805022206607465,-4.590005501832116,4.432343264150725e-06,0.0009830423066507358,3,3,SH_vs_SC,WAT_IPC,vWAT,obesity_SH_vs_SC,deseq2_pseudobulk,True
Amy1,122.40553850329745,-0.9558473524759825,0.25228303396065954,-3.7887896679767823,0.00015138301103057066,0.0190509696958472,3,3,SH_vs_SC,WAT_IPC,vWAT,obesity_SH_vs_SC,deseq2_pseudobulk,True
Mcub,119.82499277280971,1.3662963898888143,0.2954447910168558,4.624540460457345,3.754297997957575e-06,0.0008774330749512276,3,3,SH_vs_SC,WAT_IPC,vWAT,obesity_SH_vs_SC,deseq2_pseudobulk,True
Ddah1,36.69610712673728,2.0512748175509024,0.4699843673635335,4.364559674735392,1.2737907463222667e-05,0.0023528147785294514,3,3,SH_vs_SC,WAT_IPC,vWAT,obesity_SH_vs_SC,deseq2_pseudobulk,True
Ptprf,144.1298550654136,1.193227666037267,0.2456439047777835,4.8575504737912985,1.1884684764511068e-06,0.0003319595363980018,3,3,SH_vs_SC,WAT_IPC,vWAT,obesity_SH_vs_SC,deseq2_pseudobulk,True
Rspo1,192.31289071907722,-1.0959171524655227,0.2869416124130465,-3.8193036668657614,0.0001338289294261257,0.017220324716719002,3,3,SH_vs_SC,WAT_IPC,vWAT,obesity_SH_vs_SC,deseq2_pseudobulk,True
Mfap2,497.3276195981476,0.8116103902854729,0.19053235871413876,4.259698435283403,2.0470289682998193e-05,0.003619447739032448,3,3,SH_vs_SC,WAT_IPC,vWAT,obesity_SH_vs_SC,deseq2_pseudobulk,True
Pdpn,1483.0054763630524,0.640607284432699,0.17466462007990743,3.6676419308021693,0.0002447976715504846,0.028317403379759087,3,3,SH_vs_SC,WAT_IPC,vWAT,obesity_SH_vs_SC,deseq2_pseudobulk,True
Acot7,35.4011446669304,1.7834264973096516,0.5139463265663297,3.470063711175263,0.0005203349238471915,0.04965729623248364,3,3,SH_vs_SC,WAT_IPC,vWAT,obesity_SH_vs_SC,deseq2_pseudobulk,True
Lgi2,1369.7763689987023,-0.7360159713748151,0.208961979713423,-3.522248269202897,0.0004279032087387218,0.04244443374330907,3,3,SH_vs_SC,WAT_IPC,vWAT,obesity_SH_vs_SC,deseq2_pseudobulk,True
Sult1e1,1158.6937578888358,-1.700264636625621,0.18404591547649393,-9.238263355226573,2.505302506265592e-20,9.563574767251188e-17,3,3,SH_vs_SC,WAT_IPC,vWAT,obesity_SH_vs_SC,deseq2_pseudobulk,True
Cxcl10,334.2330578010769,-1.533713763014943,0.27791919167782453,-5.518560102869355,3.417885770145401e-08,1.5054472246040436e-05,3,3,SH_vs_SC,WAT_IPC,vWAT,obesity_SH_vs_SC,deseq2_pseudobulk,True
Bmp3,40.2000100541996,2.283435508074784,0.5419077852061359,4.21369755226194,2.5122364942789477e-05,0.004230901813600369,3,3,SH_vs_SC,WAT_IPC,vWAT,obesity_SH_vs_SC,deseq2_pseudobulk,True
Rasgef1b,54.2011600021919,2.1331353221864773,0.4187301751515459,5.094295679585207,3.5004010599687216e-07,0.00012931159012503806,3,3,SH_vs_SC,WAT_IPC,vWAT,obesity_SH_vs_SC,deseq2_pseudobulk,True
Sparcl1,528.4935848017147,-1.4522842002711682,0.30548370892949317,-4.754047950250469,1.99383716900175e-06,0.000518941437713819,3,3,SH_vs_SC,WAT_IPC,vWAT,obesity_SH_vs_SC,deseq2_pseudobulk,True
Pitpnm2,122.04931616668512,-0.9295192021176691,0.24884755744951662,-3.7352956631139107,0.00018749477048266583,0.023088065715779454,3,3,SH_vs_SC,WAT_IPC,vWAT,obesity_SH_vs_SC,deseq2_pseudobulk,True
Fscn1,370.6189411985769,1.1555677028155347,0.23162212191448134,4.989021313094563,6.068595216956058e-07,0.00018783122276913721,3,3,SH_vs_SC,WAT_IPC,vWAT,obesity_SH_vs_SC,deseq2_pseudobulk,True
Daglb,1056.6721493155617,1.4863236435559823,0.2859475867272131,5.197888398246558,2.0156507473051665e-07,7.95973529590992e-05,3,3,SH_vs_SC,WAT_IPC,vWAT,obesity_SH_vs_SC,deseq2_pseudobulk,True
Tfpi2,295.4619000430036,0.8622372209847894,0.23619230040788403,3.650572942029774,0.0002616559863876248,0.02996484356111079,3,3,SH_vs_SC,WAT_IPC,vWAT,obesity_SH_vs_SC,deseq2_pseudobulk,True
Wnt2,164.57106271221372,1.7419684661539407,0.2948370150434751,5.908242104191291,3.4577759834555788e-09,1.9598161460928723e-06,3,3,SH_vs_SC,WAT_IPC,vWAT,obesity_SH_vs_SC,deseq2_pseudobulk,True
Mgam,176.8501649155951,1.760762964238615,0.26332665963736607,6.686611096132109,2.2839777462873684e-11,2.2040179821025146e-08,3,3,SH_vs_SC,WAT_IPC,vWAT,obesity_SH_vs_SC,deseq2_pseudobulk,True
Gprin3,9.202395081079962,6.614631717011846,1.9126715516065953,3.458320751127251,0.0005435538363467633,0.04979822827074507,3,3,SH_vs_SC,WAT_IPC,vWAT,obesity_SH_vs_SC,deseq2_pseudobulk,True
Prokr1,94.34674373012535,-1.238141846504571,0.3506191535268525,-3.5313012254184986,0.00041352053479060396,0.041908293490460144,3,3,SH_vs_SC,WAT_IPC,vWAT,obesity_SH_vs_SC,deseq2_pseudobulk,True
Ret,166.8639189286289,0.9678127095485133,0.276299917848657,3.5027614813792014,0.00046046158736814225,0.04431265629025181,3,3,SH_vs_SC,WAT_IPC,vWAT,obesity_SH_vs_SC,deseq2_pseudobulk,True
Emp1,2183.565679912855,0.6392209086472481,0.14531892788853745,4.39874500820391,1.0887866163002043e-05,0.0020440630048967116,3,3,SH_vs_SC,WAT_IPC,vWAT,obesity_SH_vs_SC,deseq2_pseudobulk,True
Il11,104.05118642325874,1.4672803838693635,0.3991919084091222,3.6756265669733543,0.0002372663745719844,0.02801210847008624,3,3,SH_vs_SC,WAT_IPC,vWAT,obesity_SH_vs_SC,deseq2_pseudobulk,True
Aldh1a3,1904.0739455803548,0.7193285428602326,0.17733788320418378,4.056259891362355,4.986477308539888e-05,0.007716910559107945,3,3,SH_vs_SC,WAT_IPC,vWAT,obesity_SH_vs_SC,deseq2_pseudobulk,True
Arnt2,72.5876932582815,2.155675908838161,0.36911001002908705,5.840198992891813,5.213850784932088e-09,2.7140463267746484e-06,3,3,SH_vs_SC,WAT_IPC,vWAT,obesity_SH_vs_SC,deseq2_pseudobulk,True
Slco2b1,28.156968034389774,-2.66362712960417,0.7502201407351285,-3.550460704766104,0.0003845575396813513,0.041072131973261594,3,3,SH_vs_SC,WAT_IPC,vWAT,obesity_SH_vs_SC,deseq2_pseudobulk,True
Lmo1,138.48243470677718,-1.6109287113747834,0.28929539064205373,-5.5684561990411785,2.57006214430196e-08,1.1772940670618419e-05,3,3,SH_vs_SC,WAT_IPC,vWAT,obesity_SH_vs_SC,deseq2_pseudobulk,True
Rras2,1136.1966317928707,1.1033277589272592,0.1848398938036719,5.969099723132071,2.385662725027577e-09,1.7075380954384882e-06,3,3,SH_vs_SC,WAT_IPC,vWAT,obesity_SH_vs_SC,deseq2_pseudobulk,True
Efnb2,176.29664381578831,0.9386004356691721,0.22641622402178752,4.145464574035351,3.391254308539629e-05,0.005548092048770833,3,3,SH_vs_SC,WAT_IPC,vWAT,obesity_SH_vs_SC,deseq2_pseudobulk,True
Sfrp1,299.1350483967927,-2.8115456310412084,0.2759742370149484,-10.18771049592183,2.2500063066655114e-24,1.2883536111966718e-20,3,3,SH_vs_SC,WAT_IPC,vWAT,obesity_SH_vs_SC,deseq2_pseudobulk,True
Il34,259.24587922086135,1.501475838576535,0.296239586254413,5.068451038434327,4.0106611740317823e-07,0.00013508850519121168,3,3,SH_vs_SC,WAT_IPC,vWAT,obesity_SH_vs_SC,deseq2_pseudobulk,True
Cdh13,202.3170363194305,-1.4533939917677001,0.3024036568917615,-4.806138942585305,1.5387298226546465e-06,0.0004098031146288607,3,3,SH_vs_SC,WAT_IPC,vWAT,obesity_SH_vs_SC,deseq2_pseudobulk,True
Tagln,61.111939819608345,8.179845729837318,2.151045192029629,3.802730765558293,0.00014310985692803557,0.018209934239331815,3,3,SH_vs_SC,WAT_IPC,vWAT,obesity_SH_vs_SC,deseq2_pseudobulk,True
Col12a1,380.0576853550556,1.3966800291896606,0.1921207616504802,7.269802686555035,3.6001296801567243e-13,4.580965010794978e-10,3,3,SH_vs_SC,WAT_IPC,vWAT,obesity_SH_vs_SC,deseq2_pseudobulk,True
Tpbg,266.3151293168276,0.7928674930964009,0.21448515820815076,3.696607726707828,0.0002184995650326323,0.026339547565828476,3,3,SH_vs_SC,WAT_IPC,vWAT,obesity_SH_vs_SC,deseq2_pseudobulk,True
Nt5e,43.74530396280812,-2.8634591031621626,0.48517733756173753,-5.901881397743139,3.5937948889233594e-09,1.9598161460928723e-06,3,3,SH_vs_SC,WAT_IPC,vWAT,obesity_SH_vs_SC,deseq2_pseudobulk,True
Plod2,794.7616903871613,0.7747198012298154,0.17124022516077989,4.524169484724865,6.06331232305534e-06,0.0012181939074321008,3,3,SH_vs_SC,WAT_IPC,vWAT,obesity_SH_vs_SC,deseq2_pseudobulk,True
Spsb4,51.82334000785395,1.6019759788811982,0.3975044765122661,4.030082863310257,5.575719380057696e-05,0.008292615368885809,3,3,SH_vs_SC,WAT_IPC,vWAT,obesity_SH_vs_SC,deseq2_pseudobulk,True
Col6a6,197.37826071153248,-1.3435131523624837,0.3439425078627251,-3.9062143284095283,9.375336215608842e-05,0.012967383253806149,3,3,SH_vs_SC,WAT_IPC,vWAT,obesity_SH_vs_SC,deseq2_pseudobulk,True
Sgk1,1236.1041877858718,0.8474628425760992,0.239298962453407,3.541439686522274,0.00039794982729470803,0.041072131973261594,3,3,SH_vs_SC,WAT_IPC,vWAT,obesity_SH_vs_SC,deseq2_pseudobulk,True
9330159F19Rik,32.71467578821517,-1.8793644450508247,0.5285403000940642,-3.555763760523757,0.000376882622588492,0.041072131973261594,3,3,SH_vs_SC,WAT_IPC,vWAT,obesity_SH_vs_SC,deseq2_pseudobulk,True
Rspo3,55.53735965015045,-1.79940528878479,0.3965819128177804,-4.537285313895726,5.69829908612506e-06,0.0011653021631125747,3,3,SH_vs_SC,WAT_IPC,vWAT,obesity_SH_vs_SC,deseq2_pseudobulk,True
Sowahc,74.77454585879627,-1.2653217998849517,0.3239743862555561,-3.9056229552877246,9.398295582133343e-05,0.012967383253806149,3,3,SH_vs_SC,WAT_IPC,vWAT,obesity_SH_vs_SC,deseq2_pseudobulk,True
Col6a2,4957.860460916978,0.6045434612573098,0.17037885110208015,3.5482306480345143,0.00038782844234129944,0.041072131973261594,3,3,SH_vs_SC,WAT_IPC,vWAT,obesity_SH_vs_SC,deseq2_pseudobulk,True
Avpr1a,18.888822657024004,-2.8851046198077355,0.7102085452942231,-4.062334421240317,4.858440753719504e-05,0.007621762124876132,3,3,SH_vs_SC,WAT_IPC,vWAT,obesity_SH_vs_SC,deseq2_pseudobulk,True
Ltc4s,98.89740966106937,2.8858103466225526,0.46527435073441936,6.202384339621132,5.561405512692763e-10,4.245947728757168e-07,3,3,SH_vs_SC,WAT_IPC,vWAT,obesity_SH_vs_SC,deseq2_pseudobulk,True
Aspa,16.96827232406797,-2.4092010927597114,0.686291161527464,-3.5104649860237194,0.00044732371543338014,0.04341314567070398,3,3,SH_vs_SC,WAT_IPC,vWAT,obesity_SH_vs_SC,deseq2_pseudobulk,True
Ccl8,51.183021055400125,1.9588175646676547,0.43170348568761363,4.53741428922601,5.694816366545299e-06,0.0011653021631125747,3,3,SH_vs_SC,WAT_IPC,vWAT,obesity_SH_vs_SC,deseq2_pseudobulk,True
Igfbp4,4497.911277712542,-0.7331021874030313,0.21169895481597215,-3.462946654792462,0.0005342943123908862,0.04979822827074507,3,3,SH_vs_SC,WAT_IPC,vWAT,obesity_SH_vs_SC,deseq2_pseudobulk,True
Slc9a3r1,13.87968519298529,-4.345304525431051,1.1370970396891027,-3.8214016691302923,0.00013269532223261874,0.017220324716719002,3,3,SH_vs_SC,WAT_IPC,vWAT,obesity_SH_vs_SC,deseq2_pseudobulk,True
Cygb,669.9073919205216,-0.8207786078001845,0.23372322690982503,-3.5117545596649533,0.0004451589100919001,0.04341314567070398,3,3,SH_vs_SC,WAT_IPC,vWAT,obesity_SH_vs_SC,deseq2_pseudobulk,True
Scin,10.77761568945787,-4.051201363410548,1.0398143686508852,-3.89608134446806,9.776156661808064e-05,0.01332816024893166,3,3,SH_vs_SC,WAT_IPC,vWAT,obesity_SH_vs_SC,deseq2_pseudobulk,True
Erh,321.56236561614907,1.5139434137176986,0.32281300451979944,4.689846420437013,2.7341018284088523e-06,0.0006661900880625144,3,3,SH_vs_SC,WAT_IPC,vWAT,obesity_SH_vs_SC,deseq2_pseudobulk,True
Ttc9,10.555139473896595,4.145469768065929,1.1985265709094106,3.4588050600500706,0.0005425774500334641,0.04979822827074507,3,3,SH_vs_SC,WAT_IPC,vWAT,obesity_SH_vs_SC,deseq2_pseudobulk,True
Serpina3n,49.61994985964594,2.991476238135383,0.4112249920630071,7.274548716331507,3.475804287016634e-13,4.580965010794978e-10,3,3,SH_vs_SC,WAT_IPC,vWAT,obesity_SH_vs_SC,deseq2_pseudobulk,True
Rian,3006.341413887343,0.7263180341274238,0.15828977248564668,4.588534197263342,4.463691926810886e-06,0.0009830423066507358,3,3,SH_vs_SC,WAT_IPC,vWAT,obesity_SH_vs_SC,deseq2_pseudobulk,True
Akr1c14,32.358501998922044,2.4958802817616825,0.5524664560571624,4.517704657716703,6.251359582049627e-06,0.0012268148600914754,3,3,SH_vs_SC,WAT_IPC,vWAT,obesity_SH_vs_SC,deseq2_pseudobulk,True
Akr1c18,178.65314432345303,2.696282730832837,0.3571548882310899,7.54933733145005,4.374784192499965e-14,7.987179229235933e-11,3,3,SH_vs_SC,WAT_IPC,vWAT,obesity_SH_vs_SC,deseq2_pseudobulk,True
Gng4,130.6284420157854,1.050578142249906,0.29404729301176136,3.572820315703042,0.0003531570962643557,0.0392655831691204,3,3,SH_vs_SC,WAT_IPC,vWAT,obesity_SH_vs_SC,deseq2_pseudobulk,True
S1pr3,441.3971366977728,1.1127843217247417,0.2233017447917077,4.9833212130193125,6.250206464800462e-07,0.00018836148535498654,3,3,SH_vs_SC,WAT_IPC,vWAT,obesity_SH_vs_SC,deseq2_pseudobulk,True
Ntrk2,269.1470728291964,-0.9787851812385191,0.24880012006387398,-3.9340221418994394,8.353608291615122e-05,0.011810558290811898,3,3,SH_vs_SC,WAT_IPC,vWAT,obesity_SH_vs_SC,deseq2_pseudobulk,True
Gas1,1244.5807022927145,-1.0874166065243889,0.2176969826546667,-4.995092689223721,5.880751603082622e-07,0.00018707324266250606,3,3,SH_vs_SC,WAT_IPC,vWAT,obesity_SH_vs_SC,deseq2_pseudobulk,True
Lhfpl2,459.782727634868,0.7195816805015709,0.17798551499849416,4.04292270923091,5.278902587221487e-05,0.007954472688007957,3,3,SH_vs_SC,WAT_IPC,vWAT,obesity_SH_vs_SC,deseq2_pseudobulk,True
F2r,49.792673310726634,1.8760494134216927,0.44187690973925237,4.245638031932316,2.1797227212585435e-05,0.003782149182401945,3,3,SH_vs_SC,WAT_IPC,vWAT,obesity_SH_vs_SC,deseq2_pseudobulk,True
Fst,905.6814185029185,-0.8991596379328958,0.17683909691588942,-5.084620163834958,3.6836249794936814e-07,0.00013182772895363012,3,3,SH_vs_SC,WAT_IPC,vWAT,obesity_SH_vs_SC,deseq2_pseudobulk,True
Fgf10,51.448631565028556,-2.3482070106748414,0.5633674452620792,-4.16816241411048,3.070651151319282e-05,0.0050963908673780315,3,3,SH_vs_SC,WAT_IPC,vWAT,obesity_SH_vs_SC,deseq2_pseudobulk,True
Cadps,47.130971831121855,-1.4180865250371713,0.38645964419855505,-3.6694297744283677,0.00024309210362375341,0.028317403379759087,3,3,SH_vs_SC,WAT_IPC,vWAT,obesity_SH_vs_SC,deseq2_pseudobulk,True
Plac9b,69.40100239264913,1.3733501101027823,0.3802149452598066,3.6120361054307097,0.0003038022542930194,0.034109249178075084,3,3,SH_vs_SC,WAT_IPC,vWAT,obesity_SH_vs_SC,deseq2_pseudobulk,True
Wnt5a,669.9584827747808,-0.8257672543187555,0.19110719923962488,-4.320963614161626,1.5534929163847636e-05,0.0028239049013394145,3,3,SH_vs_SC,WAT_IPC,vWAT,obesity_SH_vs_SC,deseq2_pseudobulk,True
Nefl,446.0208297166807,1.7194205160583598,0.35338334706535607,4.865595762610634,1.1411254118533198e-06,0.0003267042054136055,3,3,SH_vs_SC,WAT_IPC,vWAT,obesity_SH_vs_SC,deseq2_pseudobulk,True
Spry2,1424.3608290767224,0.9073747410115633,0.2618060579484156,3.465827903762051,0.0005286015136822779,0.04979822827074507,3,3,SH_vs_SC,WAT_IPC,vWAT,obesity_SH_vs_SC,deseq2_pseudobulk,True
Matn2,621.5595389738313,1.0523157670233765,0.2137833273950408,4.922347218774682,8.551231860566429e-07,0.0002510992494030942,3,3,SH_vs_SC,WAT_IPC,vWAT,obesity_SH_vs_SC,deseq2_pseudobulk,True
Angpt1,42.70713230565145,-2.186676997038084,0.4243203435080567,-5.153363562443865,2.5585524375149416e-07,9.766847504807038e-05,3,3,SH_vs_SC,WAT_IPC,vWAT,obesity_SH_vs_SC,deseq2_pseudobulk,True
Tnfrsf11b,870.4818514994814,0.9588474195607033,0.20838584204024393,4.601307891999345,4.198462769252122e-06,0.000961615912669506,3,3,SH_vs_SC,WAT_IPC,vWAT,obesity_SH_vs_SC,deseq2_pseudobulk,True
Ccn3,3526.709900145479,0.8256480458790456,0.17828343100853547,4.6310980286189185,3.637315991331603e-06,0.0008678029735985316,3,3,SH_vs_SC,WAT_IPC,vWAT,obesity_SH_vs_SC,deseq2_pseudobulk,True
Gm49257,39.32942973053421,2.4449017817805454,0.4821773391367675,5.070544762965436,3.966785989857409e-07,0.00013508850519121168,3,3,SH_vs_SC,WAT_IPC,vWAT,obesity_SH_vs_SC,deseq2_pseudobulk,True
Ppl,43.464894864179605,-2.64666404460248,0.56112828168071,-4.716682674904754,2.3972113342902527e-06,0.0006100636488953772,3,3,SH_vs_SC,WAT_IPC,vWAT,obesity_SH_vs_SC,deseq2_pseudobulk,True
Col8a1,169.01438483435567,2.227556564709237,0.3770479079822625,5.907887346809064,3.465228405664395e-09,1.9598161460928723e-06,3,3,SH_vs_SC,WAT_IPC,vWAT,obesity_SH_vs_SC,deseq2_pseudobulk,True
Map3k7cl,25.396678402873892,2.4720577263598824,0.5833050984407181,4.238018376606253,2.255013156071893e-05,0.0038543896512440775,3,3,SH_vs_SC,WAT_IPC,vWAT,obesity_SH_vs_SC,deseq2_pseudobulk,True
Clic6,49.802585302969305,-2.9534695823992108,0.5131428189472484,-5.755648278306766,8.630992356116845e-09,4.297483672271743e-06,3,3,SH_vs_SC,WAT_IPC,vWAT,obesity_SH_vs_SC,deseq2_pseudobulk,True
Thbs2,602.275020276124,0.6749757116245867,0.19503654072660892,3.4607653986784412,0.0005386419970406642,0.04979822827074507,3,3,SH_vs_SC,WAT_IPC,vWAT,obesity_SH_vs_SC,deseq2_pseudobulk,True
C4b,140.06022617280087,2.0971129582772767,0.371954180906355,5.638094867403186,1.7194178238431604e-08,8.204488716104947e-06,3,3,SH_vs_SC,WAT_IPC,vWAT,obesity_SH_vs_SC,deseq2_pseudobulk,True
Slc29a1,636.4880975501522,-0.7323518790642541,0.18893936729034566,-3.876121157634868,0.00010613485069162135,0.014133212908377298,3,3,SH_vs_SC,WAT_IPC,vWAT,obesity_SH_vs_SC,deseq2_pseudobulk,True
Rftn1,627.0368932373043,0.7241809490844526,0.2045753842360396,3.5399222237260513,0.0004002449675323562,0.041072131973261594,3,3,SH_vs_SC,WAT_IPC,vWAT,obesity_SH_vs_SC,deseq2_pseudobulk,True
Ptprs,273.3478042522015,0.8197018942117372,0.2314907782714974,3.540969970088282,0.00039865894916000464,0.041072131973261594,3,3,SH_vs_SC,WAT_IPC,vWAT,obesity_SH_vs_SC,deseq2_pseudobulk,True
Colec12,408.89525685940833,-0.7473158281774144,0.1816169921703233,-4.114790247580853,3.8753164882264004e-05,0.006250721749742076,3,3,SH_vs_SC,WAT_IPC,vWAT,obesity_SH_vs_SC,deseq2_pseudobulk,True
Dtna,100.7808084127592,0.9470558763153216,0.26853740597750037,3.526718644160402,0.0004207436102160962,0.042266279159602925,3,3,SH_vs_SC,WAT_IPC,vWAT,obesity_SH_vs_SC,deseq2_pseudobulk,True
Cystm1,23.286948366701697,-2.5149140979928144,0.6373266139477126,-3.9460365265699426,7.945549794544175e-05,0.011468733267949508,3,3,SH_vs_SC,WAT_IPC,vWAT,obesity_SH_vs_SC,deseq2_pseudobulk,True
Ppp2r2b,96.4438177129162,-1.548832697707366,0.33992090027963684,-4.5564503283946785,5.202533484395909e-06,0.0011033224715426286,3,3,SH_vs_SC,WAT_IPC,vWAT,obesity_SH_vs_SC,deseq2_pseudobulk,True
Tnfaip8,18.102839505126294,-3.753767671145553,0.8813936212937855,-4.258900428205334,2.054349485130188e-05,0.003619447739032448,3,3,SH_vs_SC,WAT_IPC,vWAT,obesity_SH_vs_SC,deseq2_pseudobulk,True
Lox,809.5266445726755,0.9124752510841406,0.24794130147572313,3.680206749150603,0.00023304492665181977,0.027800317708506668,3,3,SH_vs_SC,WAT_IPC,vWAT,obesity_SH_vs_SC,deseq2_pseudobulk,True
Gstp2,43.46736306429352,1.9296778366255267,0.5322705314500603,3.6253704133657765,0.00028854756198879914,0.03271729386035374,3,3,SH_vs_SC,WAT_IPC,vWAT,obesity_SH_vs_SC,deseq2_pseudobulk,True
Gna14,62.8755700713668,1.2819325645819266,0.3640824036454731,3.5209956640206492,0.0004299296467188135,0.04244443374330907,3,3,SH_vs_SC,WAT_IPC,vWAT,obesity_SH_vs_SC,deseq2_pseudobulk,True
Glis3,102.59148742646157,1.181682345443141,0.29604948478953697,3.991502793133401,6.565591499045692e-05,0.009639635108598879,3,3,SH_vs_SC,WAT_IPC,vWAT,obesity_SH_vs_SC,deseq2_pseudobulk,True
Ankrd1,221.8388623657132,1.7753722936414518,0.3385247384891513,5.244438860111097,1.567586752864624e-07,6.411429819216313e-05,3,3,SH_vs_SC,WAT_IPC,vWAT,obesity_SH_vs_SC,deseq2_pseudobulk,True
Rbp4,16.080653089153,-2.864941991809788,0.707850102791647,-4.047385146249068,5.179298147072441e-05,0.007908442984036479,3,3,SH_vs_SC,WAT_IPC,vWAT,obesity_SH_vs_SC,deseq2_pseudobulk,True
Timp1,662.9150249818647,2.713550078657532,0.26077712227155436,10.4056293551389,2.3370663458012936e-25,2.6764083792116416e-21,3,3,SH_vs_SC,WAT_IPC,vWAT,obesity_SH_vs_SC,deseq2_pseudobulk,True
C430049B03Rik,28.796604716920967,3.993247948978363,0.6701978568487753,5.958312024085459,2.548565690443651e-09,1.7168337815859228e-06,3,3,SH_vs_SC,WAT_IPC,vWAT,obesity_SH_vs_SC,deseq2_pseudobulk,True
Tmem35a,90.27096319682839,1.1845738249888504,0.3343344694381733,3.543080158559324,0.00039548247268211297,0.041072131973261594,3,3,SH_vs_SC,WAT_IPC,vWAT,obesity_SH_vs_SC,deseq2_pseudobulk,True
Nrk,61.76199583824748,2.337680988326301,0.510733913354108,4.577101553672455,4.71462619670963e-06,0.0010187150793343148,3,3,SH_vs_SC,WAT_IPC,vWAT,obesity_SH_vs_SC,deseq2_pseudobulk,True
Col4a6,73.7041803799858,-1.38172560246429,0.33885069428331527,-4.07768266606832,4.548679072086209e-05,0.007234926768546008,3,3,SH_vs_SC,WAT_IPC,vWAT,obesity_SH_vs_SC,deseq2_pseudobulk,True
Col4a5,806.2127520781902,-0.7026712415217542,0.1985521747962555,-3.538975295751864,0.000401683442281287,0.041072131973261594,3,3,SH_vs_SC,WAT_IPC,vWAT,obesity_SH_vs_SC,deseq2_pseudobulk,True
Col3a1,28937.363085776906,0.7965740743675922,0.18863601414339007,4.22281014569192,2.4127505072804087e-05,0.011287076658820349,3,3,SH_vs_SC,pre_CP,vWAT,obesity_SH_vs_SC,deseq2_pseudobulk,True
Cyp27a1,163.7018078390819,-0.9381754066438988,0.24048523877926395,-3.901176685131303,9.572624934304376e-05,0.03358623834093078,3,3,SH_vs_SC,pre_CP,vWAT,obesity_SH_vs_SC,deseq2_pseudobulk,True
Chst1,63.38463661701828,-2.02952187760436,0.4260115824822263,-4.764006334708127,1.8978654226368248e-06,0.0020716255457760187,3,3,SH_vs_SC,pre_CP,vWAT,obesity_SH_vs_SC,deseq2_pseudobulk,True
Cd44,288.7130614201196,0.9870351584533295,0.21657558818291925,4.55746267035268,5.177528874649888e-06,0.0046240039695055,3,3,SH_vs_SC,pre_CP,vWAT,obesity_SH_vs_SC,deseq2_pseudobulk,True
Postn,2084.2093625500943,1.9515280890000906,0.22673252635091656,8.607181864941989,7.487860105183744e-18,7.35607376733251e-14,3,3,SH_vs_SC,pre_CP,vWAT,obesity_SH_vs_SC,deseq2_pseudobulk,True
Sfrp2,112.35034773936574,2.4055987459716284,0.31150619169089006,7.722474898215577,1.1409239348839213e-14,5.604218368149822e-11,3,3,SH_vs_SC,pre_CP,vWAT,obesity_SH_vs_SC,deseq2_pseudobulk,True
Tpm2,49.445648412346465,1.983260326432149,0.44185226477787076,4.488514565901748,7.172152109679742e-06,0.005871601860457815,3,3,SH_vs_SC,pre_CP,vWAT,obesity_SH_vs_SC,deseq2_pseudobulk,True
Adamtsl1,100.307075728333,-1.0723576196565732,0.2829689124049602,-3.789665834817604,0.00015085007712708942,0.04939837192321754,3,3,SH_vs_SC,pre_CP,vWAT,obesity_SH_vs_SC,deseq2_pseudobulk,True
Mfap2,233.23967383617676,1.0243387717381496,0.22244851150631934,4.604835360784377,4.127923044067394e-06,0.004055271598491808,3,3,SH_vs_SC,pre_CP,vWAT,obesity_SH_vs_SC,deseq2_pseudobulk,True
Cxcl10,175.14220429701433,-2.0926850661655068,0.3720485931332389,-5.624762745483812,1.857631096395526e-08,3.0415613151649414e-05,3,3,SH_vs_SC,pre_CP,vWAT,obesity_SH_vs_SC,deseq2_pseudobulk,True
Inmt,779.6897263795521,-1.6326430382255166,0.21472253296835433,-7.603501205279347,2.8822456749920204e-14,9.438393837040535e-11,3,3,SH_vs_SC,pre_CP,vWAT,obesity_SH_vs_SC,deseq2_pseudobulk,True
Sfrp1,393.62311354984394,-0.9656184717375964,0.22313044890047515,-4.327596150574231,1.5074554477499749e-05,0.00851708076781084,3,3,SH_vs_SC,pre_CP,vWAT,obesity_SH_vs_SC,deseq2_pseudobulk,True
Thy1,456.248535953489,0.9253528435810875,0.22113041655309995,4.18464749447475,2.856089554024155e-05,0.01275373808124241,3,3,SH_vs_SC,pre_CP,vWAT,obesity_SH_vs_SC,deseq2_pseudobulk,True
Col6a5,918.8692502914033,0.9721643046019959,0.21972286963518622,4.4245021295057505,9.666495039754632e-06,0.006783117662182107,3,3,SH_vs_SC,pre_CP,vWAT,obesity_SH_vs_SC,deseq2_pseudobulk,True
Col6a2,4706.915737577675,0.7789795561527855,0.1768689803549007,4.404274591223997,1.0613843513900465e-05,0.00695135991203721,3,3,SH_vs_SC,pre_CP,vWAT,obesity_SH_vs_SC,deseq2_pseudobulk,True
Timp3,731.2331299178409,-1.0819227423205549,0.21177777479868665,-5.108764332560475,3.242725102080255e-07,0.000455093305754806,3,3,SH_vs_SC,pre_CP,vWAT,obesity_SH_vs_SC,deseq2_pseudobulk,True
Bloc1s1,171.28572156280907,1.7667747953680075,0.39793986075554055,4.439803522103958,9.004104324311367e-06,0.006783117662182107,3,3,SH_vs_SC,pre_CP,vWAT,obesity_SH_vs_SC,deseq2_pseudobulk,True
Ltc4s,14.616037373267302,2.628102213867042,0.6460443740487979,4.067990248713988,4.7420365294693206e-05,0.01863430674620264,3,3,SH_vs_SC,pre_CP,vWAT,obesity_SH_vs_SC,deseq2_pseudobulk,True
Irf1,438.2675594953635,-1.4623626707486932,0.2458434919206776,-5.948348110921441,2.7086206719498152e-09,5.321897896246997e-06,3,3,SH_vs_SC,pre_CP,vWAT,obesity_SH_vs_SC,deseq2_pseudobulk,True
Ccl8,54.73214775188753,1.5824959062545363,0.3663214712765625,4.319964922448666,1.5605400429620838e-05,0.00851708076781084,3,3,SH_vs_SC,pre_CP,vWAT,obesity_SH_vs_SC,deseq2_pseudobulk,True
Sox11,49.137507332909195,1.3720367533776028,0.36173146008558893,3.792970489912507,0.00014885585229977674,0.04939837192321754,3,3,SH_vs_SC,pre_CP,vWAT,obesity_SH_vs_SC,deseq2_pseudobulk,True
Actn1,30.372973633894237,2.1265297022738316,0.4987191974979552,4.263982042284527,2.0081559055670982e-05,0.010383222955942724,3,3,SH_vs_SC,pre_CP,vWAT,obesity_SH_vs_SC,deseq2_pseudobulk,True
Lgmn,43.393441614565965,1.6246529650918697,0.4036873898413719,4.0245323633474746,5.708864325416797e-05,0.021570724281882545,3,3,SH_vs_SC,pre_CP,vWAT,obesity_SH_vs_SC,deseq2_pseudobulk,True
Serpina3n,122.56270664403193,1.0474240432253592,0.25336862153588735,4.13399274494218,3.565147331137816e-05,0.015227829296129525,3,3,SH_vs_SC,pre_CP,vWAT,obesity_SH_vs_SC,deseq2_pseudobulk,True
Sfrp4,172.34974977039826,1.7896638022309945,0.2729274929777615,6.557286635746949,5.4795628282823834e-11,1.3457806306261534e-07,3,3,SH_vs_SC,pre_CP,vWAT,obesity_SH_vs_SC,deseq2_pseudobulk,True
F2r,102.05599497220258,1.2356942666682966,0.2926089963824733,4.22302212831865,2.4104814309706062e-05,0.011287076658820349,3,3,SH_vs_SC,pre_CP,vWAT,obesity_SH_vs_SC,deseq2_pseudobulk,True
C7,99.47753522281863,-2.058798483964249,0.4273391842698647,-4.817715200823049,1.452114379024733e-06,0.001783196457442372,3,3,SH_vs_SC,pre_CP,vWAT,obesity_SH_vs_SC,deseq2_pseudobulk,True
Sema5a,67.34199975894087,-1.3177039315426078,0.32087751197036846,-4.106563664904917,4.0158881100033345e-05,0.01643836866361365,3,3,SH_vs_SC,pre_CP,vWAT,obesity_SH_vs_SC,deseq2_pseudobulk,True
C4b,159.46110509899594,1.3999198385248948,0.35733281024025026,3.917691850305233,8.940088801055477e-05,0.032528678659840375,3,3,SH_vs_SC,pre_CP,vWAT,obesity_SH_vs_SC,deseq2_pseudobulk,True
Fbn2,16.173461772323158,3.1055739920307253,0.707838911936264,4.387402189483418,1.1471255225966428e-05,0.007043350708743387,3,3,SH_vs_SC,pre_CP,vWAT,obesity_SH_vs_SC,deseq2_pseudobulk,True
Pi15,340.36061058365857,-0.7340932358610478,0.18489255261984466,-3.970377527159831,7.175883583463891e-05,0.02902174732638108,4,3,TC_vs_SC,Areg,vWAT,exercise_TC_vs_SC,deseq2_pseudobulk,True
4930403P22Rik,44.656767767177485,1.3117174571734658,0.3228863125249144,4.0624746429046965,4.855522346360673e-05,0.021708513023842035,4,3,TC_vs_SC,Areg,vWAT,exercise_TC_vs_SC,deseq2_pseudobulk,True
Hmcn2,474.56377052160843,-1.2339674144272037,0.264975362731942,-4.656913766264099,3.209848115569888e-06,0.003344699640706801,4,3,TC_vs_SC,Areg,vWAT,exercise_TC_vs_SC,deseq2_pseudobulk,True
Thbs1,496.46815717655653,-1.1154035798372628,0.28869766912918543,-3.8635697447842774,0.00011174196941147152,0.03914228070176005,4,3,TC_vs_SC,Areg,vWAT,exercise_TC_vs_SC,deseq2_pseudobulk,True
Fbn1,2846.4991301511327,-1.130988982764497,0.28583097672768976,-3.956845390630934,7.59460498608759e-05,0.02902174732638108,4,3,TC_vs_SC,Areg,vWAT,exercise_TC_vs_SC,deseq2_pseudobulk,True
Pltp,432.4262582262043,0.8213771767513907,0.21737259548343515,3.778660207486843,0.00015767439902396785,0.047341738306946345,4,3,TC_vs_SC,Areg,vWAT,exercise_TC_vs_SC,deseq2_pseudobulk,True
Postn,774.6820830372227,-1.378841112204427,0.30205043733836373,-4.564936652151965,4.996451935138132e-06,0.003818651947155116,4,3,TC_vs_SC,Areg,vWAT,exercise_TC_vs_SC,deseq2_pseudobulk,True
Cntfr,53.244546512669366,1.2468169417474257,0.3320847670326597,3.7545141046015047,0.00017367806544565215,0.04930624958281696,4,3,TC_vs_SC,Areg,vWAT,exercise_TC_vs_SC,deseq2_pseudobulk,True
Fndc5,49.002339028975925,1.5007369759530067,0.3427738216001781,4.3782135081001385,1.1965609980423395e-05,0.007738067931186115,4,3,TC_vs_SC,Areg,vWAT,exercise_TC_vs_SC,deseq2_pseudobulk,True
Eln,3788.4663010215213,-1.4797952894803403,0.29185022769903,-5.070392787242834,3.9699550752666553e-07,0.0006675082463553355,4,3,TC_vs_SC,Areg,vWAT,exercise_TC_vs_SC,deseq2_pseudobulk,True
Inmt,2277.9962340322677,1.0226739599730936,0.269083623899956,3.800580448378825,0.00014435754113385584,0.04494866104860467,4,3,TC_vs_SC,Areg,vWAT,exercise_TC_vs_SC,deseq2_pseudobulk,True
Apoe,4241.089734284617,1.104968664747768,0.2173678956394744,5.083403238997469,3.707314798854982e-07,0.0006675082463553355,4,3,TC_vs_SC,Areg,vWAT,exercise_TC_vs_SC,deseq2_pseudobulk,True
Dbp,273.10419146612196,4.503788526619473,1.1356181528576872,3.965935658289777,7.31085837983151e-05,0.02902174732638108,4,3,TC_vs_SC,Areg,vWAT,exercise_TC_vs_SC,deseq2_pseudobulk,True
Mical2,38.35602832125109,-1.7660418044407311,0.4194414921476136,-4.210460427742351,2.5485076259782527e-05,0.013390814757249481,4,3,TC_vs_SC,Areg,vWAT,exercise_TC_vs_SC,deseq2_pseudobulk,True
Ifitm1,303.80447134766933,1.5504951845213448,0.3153928144977447,4.916076439440989,8.829593308158469e-07,0.0012371731823614708,4,3,TC_vs_SC,Areg,vWAT,exercise_TC_vs_SC,deseq2_pseudobulk,True
Tspan4,258.2259936078028,1.2803345549184015,0.27244034277889434,4.6995042726013905,2.6079376642008894e-06,0.0031321331347052683,4,3,TC_vs_SC,Areg,vWAT,exercise_TC_vs_SC,deseq2_pseudobulk,True
Scg3,102.571031568373,-1.2460966220427776,0.2689114761788414,-4.6338543811869615,3.589195117035159e-06,0.003344699640706801,4,3,TC_vs_SC,Areg,vWAT,exercise_TC_vs_SC,deseq2_pseudobulk,True
Syne1,54.9758072573336,-1.236884757742771,0.30464748628117394,-4.0600523997141735,4.9061704228975695e-05,0.021708513023842035,4,3,TC_vs_SC,Areg,vWAT,exercise_TC_vs_SC,deseq2_pseudobulk,True
Ccn2,362.5889851073515,-1.0937175929607406,0.28702919645890124,-3.810475054294159,0.00013870000807838335,0.04494866104860467,4,3,TC_vs_SC,Areg,vWAT,exercise_TC_vs_SC,deseq2_pseudobulk,True
Atcayos,69.74493035730718,1.6053551604595702,0.4131235886460218,3.885895660717386,0.00010195329213143577,0.03726614464995568,4,3,TC_vs_SC,Areg,vWAT,exercise_TC_vs_SC,deseq2_pseudobulk,True
Igfbp3,733.2438325671452,2.1447634304015426,0.2012234209641908,10.658617272902935,1.589428823242674e-26,1.336232811700116e-22,4,3,TC_vs_SC,Areg,vWAT,exercise_TC_vs_SC,deseq2_pseudobulk,True
Gpx3,3814.6138681781554,0.8468751695728892,0.19522743601632367,4.337890139079012,1.4385702659562715e-05,0.00863861444706741,4,3,TC_vs_SC,Areg,vWAT,exercise_TC_vs_SC,deseq2_pseudobulk,True
Nr1d1,145.37735359492075,1.4401973499406442,0.28176392766513497,5.111361705790319,3.198449226227156e-07,0.0006675082463553355,4,3,TC_vs_SC,Areg,vWAT,exercise_TC_vs_SC,deseq2_pseudobulk,True
Pgf,28.045853718139053,2.1988010529174007,0.47670442749396463,4.612503946054159,3.978469894976568e-06,0.003344699640706801,4,3,TC_vs_SC,Areg,vWAT,exercise_TC_vs_SC,deseq2_pseudobulk,True
Tgfbi,903.0320925016139,0.7712280957116829,0.20559166864995185,3.7512614240453734,0.00017594712590513961,0.04930624958281696,4,3,TC_vs_SC,Areg,vWAT,exercise_TC_vs_SC,deseq2_pseudobulk,True
Nr1d2,151.03656382233993,1.3644578409104708,0.31677291503850513,4.307369020942384,1.652078631900458e-05,0.009259350038924767,4,3,TC_vs_SC,Areg,vWAT,exercise_TC_vs_SC,deseq2_pseudobulk,True
Tef,120.44470330429235,1.5412605124510548,0.34948230654046364,4.410124586014214,1.0331116408812833e-05,0.0072378079707407905,4,3,TC_vs_SC,Areg,vWAT,exercise_TC_vs_SC,deseq2_pseudobulk,True
Col8a1,147.82544423386398,-1.6338353952688869,0.2616460129748598,-6.2444498071746795,4.252944693373107e-10,1.7877253018593855e-06,4,3,TC_vs_SC,Areg,vWAT,exercise_TC_vs_SC,deseq2_pseudobulk,True
Lbh,92.94521171549448,-1.048659817286619,0.2560996485763488,-4.094733527031729,4.226542159723018e-05,0.020901494080465537,4,3,TC_vs_SC,Areg,vWAT,exercise_TC_vs_SC,deseq2_pseudobulk,True
Dpysl3,404.73733445981117,-0.8008273130104875,0.2103641426684587,-3.806862247776797,0.00014074108531115766,0.04494866104860467,4,3,TC_vs_SC,Areg,vWAT,exercise_TC_vs_SC,deseq2_pseudobulk,True
Fosb,9.28898753537533,-5.093855731087642,0.9702186268265699,-5.250214323083891,1.51922344527345e-07,0.001695301442580643,4,3,TC_vs_SC,CD8_Naive,vWAT,exercise_TC_vs_SC,deseq2_pseudobulk,True
Pi15,1372.928536009947,-0.7302780255949547,0.18741340920739974,-3.8966156620458126,9.754623297734051e-05,0.0377618308271308,4,3,TC_vs_SC,CP,vWAT,exercise_TC_vs_SC,deseq2_pseudobulk,True
Lefty1,256.955465544627,0.992467715918956,0.23784059837881705,4.172827190495955,3.0084312176137437e-05,0.016659871601903745,4,3,TC_vs_SC,CP,vWAT,exercise_TC_vs_SC,deseq2_pseudobulk,True
Hmcn2,1324.128298153243,-1.488924440362976,0.3090703541396694,-4.817428848870211,1.4541992053478116e-06,0.001968500990972488,4,3,TC_vs_SC,CP,vWAT,exercise_TC_vs_SC,deseq2_pseudobulk,True
Mdk,358.5825013803501,0.8081668798331358,0.20761752429086766,3.892575458615485,9.918563461119474e-05,0.0377618308271308,4,3,TC_vs_SC,CP,vWAT,exercise_TC_vs_SC,deseq2_pseudobulk,True
Thbs1,10065.22150172934,-0.7839922760615275,0.19458046945169935,-4.029141661908354,5.598087775585188e-05,0.02965282755215406,4,3,TC_vs_SC,CP,vWAT,exercise_TC_vs_SC,deseq2_pseudobulk,True
Cntfr,479.09290427751233,1.0790253188849475,0.2441921585763833,4.418754988594069,9.927110939966755e-06,0.006718999587867499,4,3,TC_vs_SC,CP,vWAT,exercise_TC_vs_SC,deseq2_pseudobulk,True
Marcksl1,112.24213448859943,1.2570277258152187,0.3218041581037616,3.906188575133035,9.376334952211882e-05,0.0377618308271308,4,3,TC_vs_SC,CP,vWAT,exercise_TC_vs_SC,deseq2_pseudobulk,True
Cxcl5,122.3122060018292,-5.3391203533615945,1.180507466003752,-4.522733237287824,6.104615876498626e-06,0.004958169014892184,4,3,TC_vs_SC,CP,vWAT,exercise_TC_vs_SC,deseq2_pseudobulk,True
Cxcl10,2554.8760086268853,1.2362595108114895,0.281842512481402,4.386348602725668,1.152693308040479e-05,0.007391190827293241,4,3,TC_vs_SC,CP,vWAT,exercise_TC_vs_SC,deseq2_pseudobulk,True
Plac8,1211.704374658684,1.2169840071069642,0.24160959052118983,5.036985512378622,4.729205599742559e-07,0.0009602651970277267,4,3,TC_vs_SC,CP,vWAT,exercise_TC_vs_SC,deseq2_pseudobulk,True
Por,1910.9040758804597,0.6336677908515507,0.1594349940728314,3.974458647152991,7.053951633894532e-05,0.03580762198155712,4,3,TC_vs_SC,CP,vWAT,exercise_TC_vs_SC,deseq2_pseudobulk,True
0610033M10Rik,126.9680861025498,1.0955623445080667,0.2784820002352101,3.9340508312305222,8.352610706086183e-05,0.03768883564157332,4,3,TC_vs_SC,CP,vWAT,exercise_TC_vs_SC,deseq2_pseudobulk,True
Mgp,12495.551191367796,-1.0632863512391606,0.2258486804569892,-4.707959103802041,2.5020928244355113e-06,0.0027711815345543484,4,3,TC_vs_SC,CP,vWAT,exercise_TC_vs_SC,deseq2_pseudobulk,True
Bhlhe41,194.9976626110328,1.6112618653947532,0.35393044358447856,4.552481694076611,5.301677537367626e-06,0.004613595531267842,4,3,TC_vs_SC,CP,vWAT,exercise_TC_vs_SC,deseq2_pseudobulk,True
Apoe,31594.063125271303,1.0958467362838387,0.2146245869876623,5.1058769718067465,3.292638713559871e-07,0.0008022843489459981,4,3,TC_vs_SC,CP,vWAT,exercise_TC_vs_SC,deseq2_pseudobulk,True
Dgat2,133.934819643491,2.1324608726787955,0.4569060588992833,4.667175738085053,3.053681333125259e-06,0.003100249973455419,4,3,TC_vs_SC,CP,vWAT,exercise_TC_vs_SC,deseq2_pseudobulk,True
Ccnd1,34.09529674673213,-1.7168562302258827,0.4065743590591978,-4.222736116951994,2.4135433945479283e-05,0.014702099587888704,4,3,TC_vs_SC,CP,vWAT,exercise_TC_vs_SC,deseq2_pseudobulk,True
Lamb2,5511.359649133069,-0.5244277864037502,0.10807873920886239,-4.852275204564446,1.2205309325605516e-06,0.00185871604392315,4,3,TC_vs_SC,CP,vWAT,exercise_TC_vs_SC,deseq2_pseudobulk,True
Ccn2,269.8293180454121,-2.893630692475316,0.7373174265048836,-3.9245385887487227,8.689613001551508e-05,0.0377618308271308,4,3,TC_vs_SC,CP,vWAT,exercise_TC_vs_SC,deseq2_pseudobulk,True
Igfbp3,455.9144678089321,1.9135380097811145,0.35242714007150727,5.429598893526925,5.648084868691639e-08,0.0001720265448881756,4,3,TC_vs_SC,CP,vWAT,exercise_TC_vs_SC,deseq2_pseudobulk,True
Ifi47,128.742635271774,1.8030847948574067,0.27370089347586335,6.587792871112471,4.464128158802916e-11,5.438647335869593e-07,4,3,TC_vs_SC,CP,vWAT,exercise_TC_vs_SC,deseq2_pseudobulk,True
Gm12216,1044.8363084650068,1.307883753894221,0.2933786904610593,4.458005289473534,8.272586124140706e-06,0.005928524514729777,4,3,TC_vs_SC,CP,vWAT,exercise_TC_vs_SC,deseq2_pseudobulk,True
Nr1d1,787.7886497903036,1.7101610210888085,0.29636905761856364,5.770376417938475,7.909465305665794e-09,4.663678387433842e-05,4,3,TC_vs_SC,CP,vWAT,exercise_TC_vs_SC,deseq2_pseudobulk,True
Meox1,195.34310514171258,-1.1983487022452195,0.2631143053263325,-4.554479471418116,5.251545262398282e-06,0.004613595531267842,4,3,TC_vs_SC,CP,vWAT,exercise_TC_vs_SC,deseq2_pseudobulk,True
Nfil3,778.3752961337467,-0.9486949836080203,0.21148292662939963,-4.485917604452784,7.260079606316331e-06,0.005528096865234491,4,3,TC_vs_SC,CP,vWAT,exercise_TC_vs_SC,deseq2_pseudobulk,True
Itgbl1,312.85394038071644,-1.111790503581314,0.23413418715300308,-4.748518433383571,2.049122142926332e-06,0.0024964455067271497,4,3,TC_vs_SC,CP,vWAT,exercise_TC_vs_SC,deseq2_pseudobulk,True
Tef,655.5981145132628,1.4669607850252895,0.3486092162786632,4.208037873137193,2.5759769969325134e-05,0.014944346549347051,4,3,TC_vs_SC,CP,vWAT,exercise_TC_vs_SC,deseq2_pseudobulk,True
Paxbp1,211.42249781846604,-1.0302097578490774,0.26014310718988787,-3.9601654988194244,7.489783838507286e-05,0.0362449073489096,4,3,TC_vs_SC,CP,vWAT,exercise_TC_vs_SC,deseq2_pseudobulk,True
Cdkn1a,3144.3428691175864,-0.9719133239656763,0.25142017694001506,-3.8656934212466156,0.00011077401793842888,0.04089575334981452,4,3,TC_vs_SC,CP,vWAT,exercise_TC_vs_SC,deseq2_pseudobulk,True
Ifit1,694.9578768666906,0.8983670086481322,0.22729298289352282,3.952462575885941,7.735102939109001e-05,0.0362449073489096,4,3,TC_vs_SC,CP,vWAT,exercise_TC_vs_SC,deseq2_pseudobulk,True
Blnk,59.65154241335117,-2.0255196668769466,0.5316352781939082,-3.809979792458694,0.00013897815073595973,0.04979914148282934,4,3,TC_vs_SC,CP,vWAT,exercise_TC_vs_SC,deseq2_pseudobulk,True
Col4a5,3333.336308326501,-0.5080120707670587,0.129742374265867,-3.915544737342671,9.020031616227955e-05,0.0377618308271308,4,3,TC_vs_SC,CP,vWAT,exercise_TC_vs_SC,deseq2_pseudobulk,True
Gm15726,37.928225599230835,2.635994930193262,0.5312750634072922,4.961638728698293,6.990091804813333e-07,0.0012165755494005833,4,3,TC_vs_SC,CP,vWAT,exercise_TC_vs_SC,deseq2_pseudobulk,True
Gm21860,235.07009559618305,1.7972055554085828,0.31490070047724994,5.7072135841070395,1.148406399269599e-08,4.663678387433842e-05,4,3,TC_vs_SC,CP,vWAT,exercise_TC_vs_SC,deseq2_pseudobulk,True
Nr1d1,146.2439291043625,1.9294589629863306,0.34500802160628435,5.592504643814302,2.2381716589076806e-08,0.00034416365599023406,4,3,TC_vs_SC,Fibroblast,vWAT,exercise_TC_vs_SC,deseq2_pseudobulk,True
Rsad2,77.42111648296132,-1.4494984201779193,0.31599956230138165,-4.587026670611251,4.49603263583012e-06,0.020981439261511164,4,3,TC_vs_SC,Fibroblast,vWAT,exercise_TC_vs_SC,deseq2_pseudobulk,True
Nfil3,14.16154353387846,-2.8523822701112067,0.627397583813951,-4.546371142795243,5.4578758565418906e-06,0.020981439261511164,4,3,TC_vs_SC,Fibroblast,vWAT,exercise_TC_vs_SC,deseq2_pseudobulk,True
Nr1d2,67.40642085823555,1.6555809995196786,0.3710373684163554,4.462033046929891,8.118570162592035e-06,0.024967850678035544,4,3,TC_vs_SC,Fibroblast,vWAT,exercise_TC_vs_SC,deseq2_pseudobulk,True
Aqp2,36.59285225977122,-2.586518347831914,0.6005702385279533,-4.306770768680915,1.656551214759654e-05,0.04245464671559867,4,3,TC_vs_SC,Fibroblast,vWAT,exercise_TC_vs_SC,deseq2_pseudobulk,True
Cryaa,12.674534150440493,-3.7914446540889624,0.7222231395350293,-5.2496859302097585,1.5235874984318174e-07,0.0011714102481693027,4,3,TC_vs_SC,Fibroblast,vWAT,exercise_TC_vs_SC,deseq2_pseudobulk,True
Atp1b1,131.23435906101568,-1.0696976466573047,0.2648934792939781,-4.038218115101871,5.3858762994408294e-05,0.04878775330939631,4,3,TC_vs_SC,WAT_IPC,vWAT,exercise_TC_vs_SC,deseq2_pseudobulk,True
Hmcn2,109.11102391743063,-2.178983972974273,0.389684984722906,-5.591654947966975,2.2491545121442804e-08,0.00013243021767505523,4,3,TC_vs_SC,WAT_IPC,vWAT,exercise_TC_vs_SC,deseq2_pseudobulk,True
Slc43a1,66.96430684639536,1.323183716889351,0.28890230650842896,4.580038605024934,4.64890112040019e-06,0.008180864441662555,4,3,TC_vs_SC,WAT_IPC,vWAT,exercise_TC_vs_SC,deseq2_pseudobulk,True
Tspan4,352.65821215272865,1.3265382845025677,0.30325627076821965,4.3743144408593215,1.2181468862781012e-05,0.017931122166013648,4,3,TC_vs_SC,WAT_IPC,vWAT,exercise_TC_vs_SC,deseq2_pseudobulk,True
Cilp,340.4857963471448,-1.5604994619524648,0.32063467754878294,-4.866907952322289,1.1335779257625284e-06,0.0033372534134448835,4,3,TC_vs_SC,WAT_IPC,vWAT,exercise_TC_vs_SC,deseq2_pseudobulk,True
Slco2a1,211.75718122551763,0.9713475760968004,0.23255744956177113,4.176806969319615,2.9562969544435916e-05,0.03249180001190498,4,3,TC_vs_SC,WAT_IPC,vWAT,exercise_TC_vs_SC,deseq2_pseudobulk,True
Nfil3,291.4367877247423,-1.2036843639950234,0.2591172866441438,-4.645326367777583,3.395392451997471e-06,0.007996828302944443,4,3,TC_vs_SC,WAT_IPC,vWAT,exercise_TC_vs_SC,deseq2_pseudobulk,True
Mef2c,23.69732119562332,4.5933505859357835,0.8546980090028871,5.374238078891169,7.690718616342482e-08,0.0003018863414201636,4,3,TC_vs_SC,WAT_IPC,vWAT,exercise_TC_vs_SC,deseq2_pseudobulk,True
Nr1d2,411.8730369941127,1.3330971464610475,0.29166689797215317,4.570615163152058,4.862945914711098e-06,0.008180864441662555,4,3,TC_vs_SC,WAT_IPC,vWAT,exercise_TC_vs_SC,deseq2_pseudobulk,True
Myc,920.2001713079026,0.59299948928978,0.14217819088676817,4.170818925119461,3.0350696342642218e-05,0.03249180001190498,4,3,TC_vs_SC,WAT_IPC,vWAT,exercise_TC_vs_SC,deseq2_pseudobulk,True
Tubb5,1438.4309243623236,0.6882338557452993,0.1584714545198344,4.342951592327054,1.4058111866661222e-05,0.01839425837131139,4,3,TC_vs_SC,WAT_IPC,vWAT,exercise_TC_vs_SC,deseq2_pseudobulk,True
Firre,12.959989000485631,-3.1019530208900012,0.755314805595744,-4.106834657429201,4.0111814378150076e-05,0.03936306050975794,4,3,TC_vs_SC,WAT_IPC,vWAT,exercise_TC_vs_SC,deseq2_pseudobulk,True
Gm21860,38.899369089819,3.283423249962199,0.5739099322455713,5.721147283712193,1.0580712399670863e-08,0.00012459846921852408,4,3,TC_vs_SC,WAT_IPC,vWAT,exercise_TC_vs_SC,deseq2_pseudobulk,True
Hmcn2,422.5116973252658,-1.28729697888951,0.28750051418194933,-4.477546701272413,7.5505713542838935e-06,0.0074649773638032196,4,3,TC_vs_SC,pre_CP,vWAT,exercise_TC_vs_SC,deseq2_pseudobulk,True
Tpm2,40.42121411864591,1.7265138289316897,0.38060307167452107,4.536258263328326,5.726105371915935e-06,0.007153050830597386,4,3,TC_vs_SC,pre_CP,vWAT,exercise_TC_vs_SC,deseq2_pseudobulk,True
Plac8,293.4112757916897,1.216361270611749,0.2973792892914353,4.090268940752293,4.308732729170242e-05,0.02990260514044148,4,3,TC_vs_SC,pre_CP,vWAT,exercise_TC_vs_SC,deseq2_pseudobulk,True
Por,180.49492657483464,0.9883929219823248,0.22183191667116872,4.455593842465254,8.366128970000406e-06,0.0074649773638032196,4,3,TC_vs_SC,pre_CP,vWAT,exercise_TC_vs_SC,deseq2_pseudobulk,True
Mt2,4485.61704358342,0.5841346169166316,0.14579753515442484,4.006477999082302,6.163086307716906e-05,0.03684051056256479,4,3,TC_vs_SC,pre_CP,vWAT,exercise_TC_vs_SC,deseq2_pseudobulk,True
Timp3,1323.5523836191282,0.9029767741645063,0.23320032040886482,3.872107776615991,0.00010789821920662738,0.049947045829543346,4,3,TC_vs_SC,pre_CP,vWAT,exercise_TC_vs_SC,deseq2_pseudobulk,True
Vtn,128.69072543852374,1.3946081133708104,0.2966206469645293,4.70165555783978,2.5806055336773045e-06,0.0058048815116334375,4,3,TC_vs_SC,pre_CP,vWAT,exercise_TC_vs_SC,deseq2_pseudobulk,True
Hlf,70.94924621423355,2.7342830962654108,0.7077934148006253,3.863108979384355,0.00011195303259904048,0.049947045829543346,4,3,TC_vs_SC,pre_CP,vWAT,exercise_TC_vs_SC,deseq2_pseudobulk,True
Nr1d1,65.52233850122022,1.7074102950883099,0.40721011715674355,4.192946646340549,2.7535422215543147e-05,0.021498280894785313,4,3,TC_vs_SC,pre_CP,vWAT,exercise_TC_vs_SC,deseq2_pseudobulk,True
Cdkn1a,656.1435997865623,-0.8020538391115334,0.20746004783415678,-3.866064080698053,0.00011060588777395213,0.049947045829543346,4,3,TC_vs_SC,pre_CP,vWAT,exercise_TC_vs_SC,deseq2_pseudobulk,True
Rps28,3420.050002182653,0.767456938011924,0.19213718040284383,3.994317686992376,6.488082231639652e-05,0.03684051056256479,4,3,TC_vs_SC,pre_CP,vWAT,exercise_TC_vs_SC,deseq2_pseudobulk,True
Tubb5,392.6901027714969,0.8356113550886155,0.17832687182274415,4.685840931024733,2.7881275272014588e-06,0.0058048815116334375,4,3,TC_vs_SC,pre_CP,vWAT,exercise_TC_vs_SC,deseq2_pseudobulk,True
Tnfsf9,72.82486902033504,1.315048106093827,0.2885083155531278,4.558094291225604,5.161986327440705e-06,0.007153050830597386,4,3,TC_vs_SC,pre_CP,vWAT,exercise_TC_vs_SC,deseq2_pseudobulk,True
Gm21860,53.95674705684032,1.884761778700303,0.3492301369104525,5.396904732719508,6.780036432851223e-08,0.0004234810755958874,4,3,TC_vs_SC,pre_CP,vWAT,exercise_TC_vs_SC,deseq2_pseudobulk,True
