gene,baseMean,log2FC,lfcSE,stat,pval,padj,n_a,n_b,contrast,cell_state,tissue,contrast_label,method,is_sig
Npas2,19.96085998294382,-3.615540457365834,0.6677225476675592,-5.4147347127865935,6.137964026969328e-08,3.0162513225257005e-05,3,3,TH_vs_SH,Areg,vWAT,rescue_TH_vs_SH,deseq2_pseudobulk,True
Col3a1,33996.993896888736,-0.928125141377822,0.2040615627055106,-4.548260481162916,5.409115955118849e-06,0.0012442117572508485,3,3,TH_vs_SH,Areg,vWAT,rescue_TH_vs_SH,deseq2_pseudobulk,True
Col5a2,2312.630578272014,-0.6943095468790378,0.1956667626476277,-3.548428652286775,0.00038753697417342954,0.03794763663721785,3,3,TH_vs_SH,Areg,vWAT,rescue_TH_vs_SH,deseq2_pseudobulk,True
Stk17b,9.800054190078002,4.9041707934858785,1.2271931331645605,3.9962501915566486,6.435372166526367e-05,0.009276374465642208,3,3,TH_vs_SH,Areg,vWAT,rescue_TH_vs_SH,deseq2_pseudobulk,True
Fn1,10882.491791089325,-0.6302705221577715,0.18074978219089244,-3.4869780451084234,0.0004885114587036588,0.046327170000396975,3,3,TH_vs_SH,Areg,vWAT,rescue_TH_vs_SH,deseq2_pseudobulk,True
Igfbp5,101.06664455910332,-2.649248962735722,0.43824778986076185,-6.045093721014381,1.4932317520079267e-09,1.4675753155416088e-06,3,3,TH_vs_SH,Areg,vWAT,rescue_TH_vs_SH,deseq2_pseudobulk,True
Fmo1,582.2785708349721,0.6812776261038904,0.18666622017882453,3.649710298152674,0.000262536230556932,0.028669486753040326,3,3,TH_vs_SH,Areg,vWAT,rescue_TH_vs_SH,deseq2_pseudobulk,True
Rgs4,14.412835547806774,-4.128684731284184,0.8910248147347792,-4.63363608174383,3.592983859818175e-06,0.0009458921610083319,3,3,TH_vs_SH,Areg,vWAT,rescue_TH_vs_SH,deseq2_pseudobulk,True
Ephx1,301.21497713277205,0.9840199395346351,0.22793164226891763,4.317171278806791,1.580415215478976e-05,0.0028154077964644814,3,3,TH_vs_SH,Areg,vWAT,rescue_TH_vs_SH,deseq2_pseudobulk,True
Prrx2,140.71163560640255,-0.9411970782030543,0.2704800439877329,-3.4797283538069093,0.0005019224208201861,0.04718507209988724,3,3,TH_vs_SH,Areg,vWAT,rescue_TH_vs_SH,deseq2_pseudobulk,True
Fbn1,6231.3176276049335,-0.967462123190852,0.26087258545361003,-3.7085618694222355,0.00020843973375147488,0.024493934365078206,3,3,TH_vs_SH,Areg,vWAT,rescue_TH_vs_SH,deseq2_pseudobulk,True
Procr,364.893792968647,1.1888495367812781,0.28886502555037397,4.115588360052123,3.861930114786246e-05,0.005798795343188071,3,3,TH_vs_SH,Areg,vWAT,rescue_TH_vs_SH,deseq2_pseudobulk,True
Ccn5,713.7094114850083,-1.3224114712268182,0.2842093785318112,-4.652948041539742,3.2722272295705167e-06,0.0009193922080195098,3,3,TH_vs_SH,Areg,vWAT,rescue_TH_vs_SH,deseq2_pseudobulk,True
Postn,3162.4364167545114,-1.3289433972469344,0.19720245521628615,-6.738979977654874,1.5950237758431792e-11,2.1554752550800764e-08,3,3,TH_vs_SH,Areg,vWAT,rescue_TH_vs_SH,deseq2_pseudobulk,True
Tm4sf1,512.9496832414937,-1.0529373453868092,0.20950750632218468,-5.025773843957561,5.014065069701421e-07,0.00017902015397092014,3,3,TH_vs_SH,Areg,vWAT,rescue_TH_vs_SH,deseq2_pseudobulk,True
Arhgap29,222.37558125168826,-1.0047835596843633,0.2123858718012991,-4.730934083150334,2.2348908795047834e-06,0.0006903258656664633,3,3,TH_vs_SH,Areg,vWAT,rescue_TH_vs_SH,deseq2_pseudobulk,True
Cntfr,32.31347749283532,1.6116787759163516,0.42481906645256284,3.7938004745752596,0.00014835890458235695,0.018021439521796193,3,3,TH_vs_SH,Areg,vWAT,rescue_TH_vs_SH,deseq2_pseudobulk,True
Abca1,408.3641960592582,0.980083829890477,0.21365388436492352,4.587250228582231,4.491222548939184e-06,0.001078991266146256,3,3,TH_vs_SH,Areg,vWAT,rescue_TH_vs_SH,deseq2_pseudobulk,True
Adamtsl1,263.8585463707197,1.041368225857081,0.22438720057445938,4.6409430804923275,3.468226576964766e-06,0.000937374938089152,3,3,TH_vs_SH,Areg,vWAT,rescue_TH_vs_SH,deseq2_pseudobulk,True
Fyb2,50.473845968390215,2.007227430211999,0.3997456223222495,5.02126181783149,5.133313082137197e-07,0.00017902015397092014,3,3,TH_vs_SH,Areg,vWAT,rescue_TH_vs_SH,deseq2_pseudobulk,True
Per3,97.88276921307009,1.6984568143793213,0.28454255928131067,5.9690782941899245,2.385976038792839e-09,1.8564192065645152e-06,3,3,TH_vs_SH,Areg,vWAT,rescue_TH_vs_SH,deseq2_pseudobulk,True
Fgl2,835.7376646374245,0.9822092751084891,0.22590784974501354,4.347831543778258,1.3749013897033242e-05,0.0025193320210309556,3,3,TH_vs_SH,Areg,vWAT,rescue_TH_vs_SH,deseq2_pseudobulk,True
Spon2,250.97710099962,-1.893995893935806,0.23295881114761127,-8.130174963571996,4.2867125077014256e-16,1.5447882973586703e-12,3,3,TH_vs_SH,Areg,vWAT,rescue_TH_vs_SH,deseq2_pseudobulk,True
Lgi2,412.2490814767261,0.7768690430595703,0.18993820870573871,4.090114613343188,4.3116007461444174e-05,0.0063853035159681226,3,3,TH_vs_SH,Areg,vWAT,rescue_TH_vs_SH,deseq2_pseudobulk,True
Sept11,409.27575478824684,-0.8352531131714391,0.22600580313120405,-3.6957153382762757,0.00021926854183917466,0.025218214955567204,3,3,TH_vs_SH,Areg,vWAT,rescue_TH_vs_SH,deseq2_pseudobulk,True
Anxa3,749.1915574041706,-1.1902367546617818,0.21049756122208663,-5.654396885890834,1.563944527769943e-08,8.051335376057549e-06,3,3,TH_vs_SH,Areg,vWAT,rescue_TH_vs_SH,deseq2_pseudobulk,True
Eln,7065.202521158551,-1.4054287296543548,0.23498223322966436,-5.980999968966728,2.2177191665591374e-09,1.8564192065645152e-06,3,3,TH_vs_SH,Areg,vWAT,rescue_TH_vs_SH,deseq2_pseudobulk,True
Por,253.1758591196827,1.1684932284033347,0.2685425872581065,4.351239929331028,1.3536982142049052e-05,0.0025193320210309556,3,3,TH_vs_SH,Areg,vWAT,rescue_TH_vs_SH,deseq2_pseudobulk,True
Inmt,2055.104343285735,1.6831294323413084,0.26029305142797315,6.466286453317231,1.0044059781415445e-10,1.206514781076471e-07,3,3,TH_vs_SH,Areg,vWAT,rescue_TH_vs_SH,deseq2_pseudobulk,True
Adcyap1r1,108.05191225790402,-1.2385637294501444,0.283790417127128,-4.36436065032919,1.2749508972066453e-05,0.002418156868368604,3,3,TH_vs_SH,Areg,vWAT,rescue_TH_vs_SH,deseq2_pseudobulk,True
Reep1,20.494934561864024,1.8692226857101848,0.5181986840080939,3.6071544436438376,0.00030957341105779506,0.03249318589267789,3,3,TH_vs_SH,Areg,vWAT,rescue_TH_vs_SH,deseq2_pseudobulk,True
Tmsb10,5402.950133297527,-0.8808629781117809,0.24418256018070214,-3.6073951287099164,0.00030928648126455125,0.03249318589267789,3,3,TH_vs_SH,Areg,vWAT,rescue_TH_vs_SH,deseq2_pseudobulk,True
Slc6a6,157.30670244597854,1.1699301155042523,0.2560209720761525,4.569665156791378,4.885040726345404e-06,0.0011480907672286992,3,3,TH_vs_SH,Areg,vWAT,rescue_TH_vs_SH,deseq2_pseudobulk,True
Mfap5,8058.411457949321,-0.6821718012425553,0.17721617612360516,-3.8493765984813515,0.00011841882323897473,0.015424408410078985,3,3,TH_vs_SH,Areg,vWAT,rescue_TH_vs_SH,deseq2_pseudobulk,True
Bhlhe41,64.62417962265764,1.359088810660301,0.3148928876188577,4.316035274525872,1.588566049249222e-05,0.0028154077964644814,3,3,TH_vs_SH,Areg,vWAT,rescue_TH_vs_SH,deseq2_pseudobulk,True
Tmtc1,313.49925292300003,0.957472432277616,0.20684310537298983,4.62897919923922,3.6747267377994577e-06,0.0009458921610083319,3,3,TH_vs_SH,Areg,vWAT,rescue_TH_vs_SH,deseq2_pseudobulk,True
Itpkc,234.7055354758689,1.01837266657402,0.29126091311956015,3.4964275009190353,0.00047153260632713367,0.04511273457524462,3,3,TH_vs_SH,Areg,vWAT,rescue_TH_vs_SH,deseq2_pseudobulk,True
Sbsn,188.2592511890576,-0.9563763859196217,0.23145648458079443,-4.131992187005587,3.596326479265518e-05,0.005476040220752044,3,3,TH_vs_SH,Areg,vWAT,rescue_TH_vs_SH,deseq2_pseudobulk,True
Dbp,356.3558289284561,5.223278661081203,0.8752364368844707,5.967848733165418,2.40402080213701e-09,1.8564192065645152e-06,3,3,TH_vs_SH,Areg,vWAT,rescue_TH_vs_SH,deseq2_pseudobulk,True
Saa3,19.300089474534165,7.601769524328467,1.861311874117382,4.0840923168414,4.4249438054074015e-05,0.006464603713548569,3,3,TH_vs_SH,Areg,vWAT,rescue_TH_vs_SH,deseq2_pseudobulk,True
Nmb,179.19156774504532,1.578157939784666,0.26929624759277154,5.8603042333183515,4.6201992289154995e-09,2.9381749331650275e-06,3,3,TH_vs_SH,Areg,vWAT,rescue_TH_vs_SH,deseq2_pseudobulk,True
Nox4,205.8314700864421,-0.9756761694480931,0.25193988191067485,-3.8726547065462964,0.00010765629691714304,0.014368792913225105,3,3,TH_vs_SH,Areg,vWAT,rescue_TH_vs_SH,deseq2_pseudobulk,True
Prss23,2252.887484077433,-0.7231878412509525,0.18360816036600003,-3.9387565335297055,8.190499016511779e-05,0.011314766989597347,3,3,TH_vs_SH,Areg,vWAT,rescue_TH_vs_SH,deseq2_pseudobulk,True
Dgat2,15.418563989828195,2.800949192890911,0.656697391100406,4.265205299807044,1.9971847128348215e-05,0.0034101579433797745,3,3,TH_vs_SH,Areg,vWAT,rescue_TH_vs_SH,deseq2_pseudobulk,True
Adm,757.5539861310998,-1.0684540241497276,0.19882658529971733,-5.373798592070104,7.709496983649382e-08,3.472807162093061e-05,3,3,TH_vs_SH,Areg,vWAT,rescue_TH_vs_SH,deseq2_pseudobulk,True
Arntl,67.89815681485032,-3.3316667315233874,0.396024745786149,-8.41277411821752,4.0042562704356834e-17,4.3290014539680173e-13,3,3,TH_vs_SH,Areg,vWAT,rescue_TH_vs_SH,deseq2_pseudobulk,True
Rras2,106.37020086359537,-1.2539494544209655,0.3624265871086807,-3.4598715961336035,0.0005404330287801888,0.04993667097539015,3,3,TH_vs_SH,Areg,vWAT,rescue_TH_vs_SH,deseq2_pseudobulk,True
Ptpre,16.125508131698638,-2.140765606930917,0.6031467731033615,-3.549327796144991,0.0003862159811361883,0.03794763663721785,3,3,TH_vs_SH,Areg,vWAT,rescue_TH_vs_SH,deseq2_pseudobulk,True
Tspan4,320.1161896831424,1.2212212507082116,0.20814644169393828,5.867125283380602,4.434156337754265e-09,2.9381749331650275e-06,3,3,TH_vs_SH,Areg,vWAT,rescue_TH_vs_SH,deseq2_pseudobulk,True
Kcnq1ot1,908.3648856180212,0.6684529247639388,0.18595808116648158,3.594643053804674,0.000324836623086568,0.033497974714765254,3,3,TH_vs_SH,Areg,vWAT,rescue_TH_vs_SH,deseq2_pseudobulk,True
Col4a1,4569.543409285111,-1.1862067149247157,0.26212417375975466,-4.525361769998034,6.029227908432842e-06,0.0013302445493483155,3,3,TH_vs_SH,Areg,vWAT,rescue_TH_vs_SH,deseq2_pseudobulk,True
Col4a2,1911.6171719535594,-0.8877455701388355,0.23580935998394267,-3.764674863624099,0.00016676593274271437,0.019812159328367968,3,3,TH_vs_SH,Areg,vWAT,rescue_TH_vs_SH,deseq2_pseudobulk,True
Hpgd,772.7373355876825,-1.335058006296609,0.21077129002709202,-6.334154932225371,2.3864561924001983e-10,2.5799977896038543e-07,3,3,TH_vs_SH,Areg,vWAT,rescue_TH_vs_SH,deseq2_pseudobulk,True
Lpl,1574.9035353633633,-0.8668084061275644,0.1984394637506823,-4.368125118583344,1.2531769770000274e-05,0.002418156868368604,3,3,TH_vs_SH,Areg,vWAT,rescue_TH_vs_SH,deseq2_pseudobulk,True
Herpud1,485.5040150943671,0.7185193950781217,0.19581482783766085,3.6693819513699237,0.00024313758041674035,0.02766905665142505,3,3,TH_vs_SH,Areg,vWAT,rescue_TH_vs_SH,deseq2_pseudobulk,True
Cdh13,180.39974815123313,1.2501456187841686,0.24779857760753823,5.045007242794352,4.535041889422609e-07,0.00016906323402257872,3,3,TH_vs_SH,Areg,vWAT,rescue_TH_vs_SH,deseq2_pseudobulk,True
Agt,308.8066945933069,1.3580771362140158,0.22953197802055306,5.916723011433331,3.2841907598438094e-09,2.3670257536447616e-06,3,3,TH_vs_SH,Areg,vWAT,rescue_TH_vs_SH,deseq2_pseudobulk,True
Mmp3,263.4867652434235,-1.7634017043270933,0.32666866872425465,-5.398135398823951,6.733704319776487e-08,3.1651338000479824e-05,3,3,TH_vs_SH,Areg,vWAT,rescue_TH_vs_SH,deseq2_pseudobulk,True
Col5a3,754.2779432548858,-1.1213051607962177,0.2374868417825687,-4.721546475500439,2.340581320038117e-06,0.0007028895736370023,3,3,TH_vs_SH,Areg,vWAT,rescue_TH_vs_SH,deseq2_pseudobulk,True
Opcml,72.73953573197478,1.4954280086353342,0.29859432583508355,5.008226477355344,5.493387235137248e-07,0.0001799666951486933,3,3,TH_vs_SH,Areg,vWAT,rescue_TH_vs_SH,deseq2_pseudobulk,True
Clmp,374.6837611238763,-0.8411556196946095,0.23028027654000988,-3.6527471320300573,0.0002594496971544389,0.02862153750955754,3,3,TH_vs_SH,Areg,vWAT,rescue_TH_vs_SH,deseq2_pseudobulk,True
Nt5e,47.20995533965288,2.0189504350938914,0.38301546653723345,5.271198192978524,1.3553601497841236e-07,5.6356917612754465e-05,3,3,TH_vs_SH,Areg,vWAT,rescue_TH_vs_SH,deseq2_pseudobulk,True
Slco2a1,269.59806313763426,1.625572904935497,0.3620837772744158,4.489493887773682,7.139259579621534e-06,0.001543650706305768,3,3,TH_vs_SH,Areg,vWAT,rescue_TH_vs_SH,deseq2_pseudobulk,True
Tnfaip3,36.411896629835745,2.130258333655312,0.42487102354792655,5.013894136310788,5.333934105798844e-07,0.0001799666951486933,3,3,TH_vs_SH,Areg,vWAT,rescue_TH_vs_SH,deseq2_pseudobulk,True
Arhgap18,87.4705832041311,-1.3934896069804847,0.27994113087238365,-4.977795162282647,6.431266392013291e-07,0.0002044953557766344,3,3,TH_vs_SH,Areg,vWAT,rescue_TH_vs_SH,deseq2_pseudobulk,True
Marcks,1887.3548699831063,-0.9823552651805829,0.23367616281478007,-4.2039173073859155,2.623348111578956e-05,0.004110292236852187,3,3,TH_vs_SH,Areg,vWAT,rescue_TH_vs_SH,deseq2_pseudobulk,True
Pdxk,122.92929734958234,1.0758999520313914,0.2532624344446804,4.248162402728536,2.1553113331343715e-05,0.003530465276138741,3,3,TH_vs_SH,Areg,vWAT,rescue_TH_vs_SH,deseq2_pseudobulk,True
Timp3,1354.3265870158014,1.0527609668769746,0.22891402153378573,4.598936141277813,4.24653915088979e-06,0.0010628542667264053,3,3,TH_vs_SH,Areg,vWAT,rescue_TH_vs_SH,deseq2_pseudobulk,True
Igf1,2495.6581481755334,0.6607773550065554,0.1911097487886299,3.457580574486467,0.0005450492253349402,0.04993667097539015,3,3,TH_vs_SH,Areg,vWAT,rescue_TH_vs_SH,deseq2_pseudobulk,True
Tmpo,122.53241998813571,1.000050188835406,0.26501961887653863,3.7734949324687053,0.00016097649069053807,0.0193368537872823,3,3,TH_vs_SH,Areg,vWAT,rescue_TH_vs_SH,deseq2_pseudobulk,True
Avpr1a,124.99484992651873,0.9326286675519373,0.25589965933383063,3.644509218886019,0.0002679025332057512,0.02896294286487376,3,3,TH_vs_SH,Areg,vWAT,rescue_TH_vs_SH,deseq2_pseudobulk,True
Sh3pxd2b,167.13419091245686,-0.8440459571367322,0.23292524555622,-3.623677438317905,0.00029044378855935755,0.03108898810015064,3,3,TH_vs_SH,Areg,vWAT,rescue_TH_vs_SH,deseq2_pseudobulk,True
Irf1,292.55687843293043,0.942414392392264,0.22278705057773754,4.230112970876759,2.335739819324473e-05,0.0037689079383159524,3,3,TH_vs_SH,Areg,vWAT,rescue_TH_vs_SH,deseq2_pseudobulk,True
Mfap4,1420.9763733789935,-0.7284748189433587,0.19151767267523415,-3.803695025986814,0.00014255366596450014,0.01775899074260469,3,3,TH_vs_SH,Areg,vWAT,rescue_TH_vs_SH,deseq2_pseudobulk,True
Gas7,496.2985935847521,-0.9486673629607174,0.2562323631157521,-3.702371360998455,0.00021359366645618593,0.024829689549008882,3,3,TH_vs_SH,Areg,vWAT,rescue_TH_vs_SH,deseq2_pseudobulk,True
Vtn,78.42728236907358,1.1321795402456662,0.31919209178957103,3.547016261894299,0.00038962054081317004,0.03794763663721785,3,3,TH_vs_SH,Areg,vWAT,rescue_TH_vs_SH,deseq2_pseudobulk,True
Hlf,166.37867955866489,2.6393800989784992,0.3191465861992526,8.270118538352957,1.3382588978608685e-16,7.233958472386924e-13,3,3,TH_vs_SH,Areg,vWAT,rescue_TH_vs_SH,deseq2_pseudobulk,True
Nr1d1,156.68965184497114,1.6167822279405657,0.4179616775141144,3.868254710710811,0.00010961712911228604,0.014452082717474687,3,3,TH_vs_SH,Areg,vWAT,rescue_TH_vs_SH,deseq2_pseudobulk,True
Dhx58os,71.84867099420019,-1.3898249736821533,0.3309607888146496,-4.199364458429869,2.676651964852981e-05,0.004133897770289369,3,3,TH_vs_SH,Areg,vWAT,rescue_TH_vs_SH,deseq2_pseudobulk,True
Arl4d,164.98432307269516,1.2992903982437147,0.33996764816354785,3.821806002018953,0.00013247789274535424,0.016849629393764998,3,3,TH_vs_SH,Areg,vWAT,rescue_TH_vs_SH,deseq2_pseudobulk,True
Cys1,125.69179385082664,1.1450167784883643,0.26118410120924535,4.383945168128913,1.1654912028943889e-05,0.0023333565545354145,3,3,TH_vs_SH,Areg,vWAT,rescue_TH_vs_SH,deseq2_pseudobulk,True
Rnf144a,71.54593527045431,-1.4836683983065533,0.3485360398792284,-4.256857910076275,2.0732002408447598e-05,0.0034482104313496454,3,3,TH_vs_SH,Areg,vWAT,rescue_TH_vs_SH,deseq2_pseudobulk,True
Sfrp4,1217.66265159009,-1.0057074252027196,0.21886593035192292,-4.595084413483652,4.32574116510608e-06,0.0010628542667264053,3,3,TH_vs_SH,Areg,vWAT,rescue_TH_vs_SH,deseq2_pseudobulk,True
Hist1h2bc,245.4188324803714,-1.0673527312705826,0.2487861498071096,-4.2902417682741945,1.7847871003476074e-05,0.003112150539009352,3,3,TH_vs_SH,Areg,vWAT,rescue_TH_vs_SH,deseq2_pseudobulk,True
Sox4,286.74747496292326,-0.8459610584900791,0.2358651174100426,-3.58663064627487,0.00033497827124544846,0.0341646234946655,3,3,TH_vs_SH,Areg,vWAT,rescue_TH_vs_SH,deseq2_pseudobulk,True
Aspn,1036.9213049245718,-1.149227745455938,0.2590057517797253,-4.437074225414551,9.118985592480916e-06,0.0019019328851054126,3,3,TH_vs_SH,Areg,vWAT,rescue_TH_vs_SH,deseq2_pseudobulk,True
Tgfbi,638.024194024373,1.9053311058359639,0.2736982835195886,6.961428772349605,3.3683885471321627e-12,5.202235511863687e-09,3,3,TH_vs_SH,Areg,vWAT,rescue_TH_vs_SH,deseq2_pseudobulk,True
Lhfpl2,183.09281152674382,-0.8824896425195169,0.2241817173241871,-3.9364924716111296,8.268121285525765e-05,0.011314766989597347,3,3,TH_vs_SH,Areg,vWAT,rescue_TH_vs_SH,deseq2_pseudobulk,True
Kif2a,303.79346948228635,-0.832874560561477,0.2114976091856351,-3.9379857000201297,8.216849011248183e-05,0.011314766989597347,3,3,TH_vs_SH,Areg,vWAT,rescue_TH_vs_SH,deseq2_pseudobulk,True
Nr1d2,230.64691391897443,2.4299269595029767,0.34141843752633044,7.117152128949038,1.1017985598910972e-12,1.985257371830442e-09,3,3,TH_vs_SH,Areg,vWAT,rescue_TH_vs_SH,deseq2_pseudobulk,True
Arhgef3,60.340610326719634,1.253143481569705,0.32975371997049463,3.8002406210363064,0.00014455565492084104,0.01775899074260469,3,3,TH_vs_SH,Areg,vWAT,rescue_TH_vs_SH,deseq2_pseudobulk,True
Gdf10,2143.1768399920857,0.9917591141519189,0.1701847247918757,5.8275448361465605,5.624874073375452e-09,3.2005533477506323e-06,3,3,TH_vs_SH,Areg,vWAT,rescue_TH_vs_SH,deseq2_pseudobulk,True
Fgf9,20.067438514353224,-3.321245417078161,0.7518029537974991,-4.41770732650347,9.975336919621536e-06,0.0020347805176986495,3,3,TH_vs_SH,Areg,vWAT,rescue_TH_vs_SH,deseq2_pseudobulk,True
Plcxd3,172.26952568196182,1.0606372486729791,0.2259986542287943,4.693113117387069,2.6907860613746705e-06,0.0007862185975546367,3,3,TH_vs_SH,Areg,vWAT,rescue_TH_vs_SH,deseq2_pseudobulk,True
C7,775.0718655412379,1.0793745302327609,0.3029067360718603,3.5633889963301932,0.0003660975452509761,0.036647042238039836,3,3,TH_vs_SH,Areg,vWAT,rescue_TH_vs_SH,deseq2_pseudobulk,True
Ext1,403.7523603536702,-0.8030762143226622,0.20202288143972216,-3.97517453765393,7.03276600856172e-05,0.010004109647179045,3,3,TH_vs_SH,Areg,vWAT,rescue_TH_vs_SH,deseq2_pseudobulk,True
Tef,188.7498903832695,2.0323834146654134,0.26118736283711075,7.7813236926508855,7.176959955958542e-15,1.9397528520966948e-11,3,3,TH_vs_SH,Areg,vWAT,rescue_TH_vs_SH,deseq2_pseudobulk,True
Mettl7a1,184.89359872036167,1.0684464244251766,0.2809714544242676,3.8026867413079612,0.00014313529908755682,0.01775899074260469,3,3,TH_vs_SH,Areg,vWAT,rescue_TH_vs_SH,deseq2_pseudobulk,True
Ppl,227.92720283322467,1.1276865705890444,0.2196336536809639,5.134397901639894,2.8304869726826303e-07,0.00010928712379168541,3,3,TH_vs_SH,Areg,vWAT,rescue_TH_vs_SH,deseq2_pseudobulk,True
Lsamp,52.03918999456821,2.033069564906881,0.4484568367713937,4.533478805995466,5.80200903114484e-06,0.0013067816590772263,3,3,TH_vs_SH,Areg,vWAT,rescue_TH_vs_SH,deseq2_pseudobulk,True
Col8a1,908.7573869350863,-1.3450365936312985,0.2535577876712508,-5.304655029468863,1.1288627084775443e-07,4.881653896540293e-05,3,3,TH_vs_SH,Areg,vWAT,rescue_TH_vs_SH,deseq2_pseudobulk,True
Vgll3,691.8303599533493,-1.4352975753516812,0.19539452663067877,-7.345638591323397,2.0477901572499389e-13,4.4277318780058176e-10,3,3,TH_vs_SH,Areg,vWAT,rescue_TH_vs_SH,deseq2_pseudobulk,True
Angptl4,435.87051448218836,-1.0500108816357687,0.20241158571903092,-5.187503857083048,2.131315124278719e-07,8.533943632806381e-05,3,3,TH_vs_SH,Areg,vWAT,rescue_TH_vs_SH,deseq2_pseudobulk,True
Rftn1,165.57222112303586,-1.3022712407694625,0.2800482204343103,-4.6501678844802035,3.3166493490667728e-06,0.0009193922080195098,3,3,TH_vs_SH,Areg,vWAT,rescue_TH_vs_SH,deseq2_pseudobulk,True
Ankrd12,646.4454311863957,0.7309221357551536,0.19102830140460808,3.826250510425792,0.0001301098864982666,0.01674545217777096,3,3,TH_vs_SH,Areg,vWAT,rescue_TH_vs_SH,deseq2_pseudobulk,True
Lbh,168.7570022628876,-1.14840246324442,0.26231541188193824,-4.377945066229231,1.1980353582827128e-05,0.0023549018651626195,3,3,TH_vs_SH,Areg,vWAT,rescue_TH_vs_SH,deseq2_pseudobulk,True
Cdc42ep3,87.96725661848564,-1.820735574514018,0.3169779420556724,-5.744045035771711,9.244118459041576e-09,4.996908233034923e-06,3,3,TH_vs_SH,Areg,vWAT,rescue_TH_vs_SH,deseq2_pseudobulk,True
Taf4b,77.51387471096281,1.2090782582646105,0.3435396994649663,3.5194717237851885,0.00043240712603810833,0.04173886999641061,3,3,TH_vs_SH,Areg,vWAT,rescue_TH_vs_SH,deseq2_pseudobulk,True
Lvrn,43.252318434763986,1.4232740685587726,0.3884540899682969,3.663944093560531,0.00024836101732666663,0.02796907248248534,3,3,TH_vs_SH,Areg,vWAT,rescue_TH_vs_SH,deseq2_pseudobulk,True
Lox,1619.5319498161205,-0.7806834539690755,0.2135405264591998,-3.655903012481507,0.0002562782414073099,0.028563134720148736,3,3,TH_vs_SH,Areg,vWAT,rescue_TH_vs_SH,deseq2_pseudobulk,True
Ppic,887.2679096884876,-0.680018864842548,0.19049671093797071,-3.569714466429685,0.00035737054065109223,0.03610778425213979,3,3,TH_vs_SH,Areg,vWAT,rescue_TH_vs_SH,deseq2_pseudobulk,True
Fbn2,54.117423121284496,-2.253685237478939,0.3855237202566109,-5.8457758084997975,5.042127481375666e-09,3.028357788952907e-06,3,3,TH_vs_SH,Areg,vWAT,rescue_TH_vs_SH,deseq2_pseudobulk,True
Arsi,66.86269220608189,-1.4722156285790275,0.33185014449898215,-4.436386884211657,9.148137084958048e-06,0.0019019328851054126,3,3,TH_vs_SH,Areg,vWAT,rescue_TH_vs_SH,deseq2_pseudobulk,True
Grk5,135.53109603569376,-1.0036628044758644,0.2379249258884909,-4.218401248746231,2.4604068645364787e-05,0.003911685090074099,3,3,TH_vs_SH,Areg,vWAT,rescue_TH_vs_SH,deseq2_pseudobulk,True
Slc38a5,16.328247282905583,2.5718375034493994,0.7436838388039956,3.458240409776109,0.000543715965958747,0.04993667097539015,3,3,TH_vs_SH,Areg,vWAT,rescue_TH_vs_SH,deseq2_pseudobulk,True
Klhl13,160.75898799800538,-0.9071356207565572,0.2306989384038255,-3.932118747632325,8.42004524864875e-05,0.011378638647892703,3,3,TH_vs_SH,Areg,vWAT,rescue_TH_vs_SH,deseq2_pseudobulk,True
Efnb1,118.23860129761304,-1.127735222879998,0.2645524618008169,-4.262803737313458,2.018778173862784e-05,0.0034101579433797745,3,3,TH_vs_SH,Areg,vWAT,rescue_TH_vs_SH,deseq2_pseudobulk,True
Vegfd,890.6519136880283,-0.6733638725704024,0.1873454203589107,-3.5942371651273475,0.0003253433859079041,0.033497974714765254,3,3,TH_vs_SH,Areg,vWAT,rescue_TH_vs_SH,deseq2_pseudobulk,True
Npas2,88.75229927724666,-3.4484116931789837,0.39945565429300806,-8.632777271064763,5.98799652458856e-18,1.2866208532499284e-14,3,3,TH_vs_SH,CP,vWAT,rescue_TH_vs_SH,deseq2_pseudobulk,True
Fhl2,232.03507965820813,-1.2594752376683798,0.36559371362280463,-3.4450133870951154,0.0005710311098462188,0.0351486288756782,3,3,TH_vs_SH,CP,vWAT,rescue_TH_vs_SH,deseq2_pseudobulk,True
Nabp1,333.3217158603819,1.042324899181759,0.24065234433275798,4.331247643033562,1.4826681095388271e-05,0.00199109971543485,3,3,TH_vs_SH,CP,vWAT,rescue_TH_vs_SH,deseq2_pseudobulk,True
Fn1,13690.59760270571,-0.8687523138100853,0.2250568821617791,-3.860145512837925,0.00011331952373104272,0.010902352984631363,3,3,TH_vs_SH,CP,vWAT,rescue_TH_vs_SH,deseq2_pseudobulk,True
Cyp27a1,790.7640773982836,1.0216566002104812,0.18192926395462428,5.61568039139265,1.957902715841236e-08,9.30403061002949e-06,3,3,TH_vs_SH,CP,vWAT,rescue_TH_vs_SH,deseq2_pseudobulk,True
Per2,125.45155290931801,0.9390023111422877,0.27566678861220956,3.4062946641832004,0.0006585106439960695,0.03876492795615218,3,3,TH_vs_SH,CP,vWAT,rescue_TH_vs_SH,deseq2_pseudobulk,True
Serpinb2,36.9932806700827,-7.396815094865459,1.2555373637791962,-5.891354019605498,3.830439509431671e-09,2.1470446154605696e-06,3,3,TH_vs_SH,CP,vWAT,rescue_TH_vs_SH,deseq2_pseudobulk,True
Cd55,630.9010135229088,-1.4253944752930179,0.3622928208275989,-3.934371296778491,8.341475126800962e-05,0.008534785502755398,3,3,TH_vs_SH,CP,vWAT,rescue_TH_vs_SH,deseq2_pseudobulk,True
Ppp1r12b,298.5275998349551,0.6991046334547841,0.21084415788343241,3.31574106900933,0.0009140047175459302,0.04885517090280267,3,3,TH_vs_SH,CP,vWAT,rescue_TH_vs_SH,deseq2_pseudobulk,True
Csrp1,667.5193062900481,0.7685084325081595,0.2047803842257866,3.7528420283693675,0.00017484104122213626,0.015230072320512033,3,3,TH_vs_SH,CP,vWAT,rescue_TH_vs_SH,deseq2_pseudobulk,True
Fmo1,1144.3382535295045,0.9228500469825488,0.19433930929742108,4.748653529328949,2.0477540540788614e-06,0.00042580073008362387,3,3,TH_vs_SH,CP,vWAT,rescue_TH_vs_SH,deseq2_pseudobulk,True
Ildr2,155.72107611968897,-1.2599678443534075,0.35981036799251825,-3.5017552478632483,0.0004622040017780157,0.030237469332805536,3,3,TH_vs_SH,CP,vWAT,rescue_TH_vs_SH,deseq2_pseudobulk,True
B930036N10Rik,8.86090752325821,4.426165825280552,1.3056068307839028,3.390121528870239,0.0006986164574748384,0.04038817654603415,3,3,TH_vs_SH,CP,vWAT,rescue_TH_vs_SH,deseq2_pseudobulk,True
Atp1a2,1664.9703502783884,0.8109358899889257,0.16390970897522084,4.947454882684951,7.51901242519694e-07,0.00020194814205341447,3,3,TH_vs_SH,CP,vWAT,rescue_TH_vs_SH,deseq2_pseudobulk,True
Il15ra,205.9893502738673,1.2972687998860832,0.28876891452811637,4.492411525686477,7.042117732461589e-06,0.0011055563343858384,3,3,TH_vs_SH,CP,vWAT,rescue_TH_vs_SH,deseq2_pseudobulk,True
Bmyc,709.359691536748,1.1460159415623643,0.284483045520393,4.02841561073,5.6154010068745694e-05,0.005933913916444831,3,3,TH_vs_SH,CP,vWAT,rescue_TH_vs_SH,deseq2_pseudobulk,True
Hmcn2,2579.404076444574,-0.9259466535964845,0.2498986777386696,-3.705288327154692,0.00021115040265972418,0.01712044648483751,3,3,TH_vs_SH,CP,vWAT,rescue_TH_vs_SH,deseq2_pseudobulk,True
Aif1l,37.37364004600573,-2.1455179860237927,0.5982798866413271,-3.586144267808297,0.0003356033412219644,0.023772517994689917,3,3,TH_vs_SH,CP,vWAT,rescue_TH_vs_SH,deseq2_pseudobulk,True
Garnl3,342.4589416968302,1.0273891825835142,0.2194134513955372,4.682434809939875,2.8348735727761575e-06,0.0005537453045489428,3,3,TH_vs_SH,CP,vWAT,rescue_TH_vs_SH,deseq2_pseudobulk,True
Dpp4,159.5522349671124,-1.5940975267928919,0.35689902992861194,-4.466522442248578,7.950132583371389e-06,0.0011917803402886505,3,3,TH_vs_SH,CP,vWAT,rescue_TH_vs_SH,deseq2_pseudobulk,True
Pde11a,449.6193324680583,0.8307575462367118,0.22304374594702017,3.724639499347552,0.00019559453042047376,0.016268417330198372,3,3,TH_vs_SH,CP,vWAT,rescue_TH_vs_SH,deseq2_pseudobulk,True
Prg2,19.57791696761634,3.4660669026325968,0.8970110389752088,3.8640181135255687,0.00011153694516315137,0.010811536067995094,3,3,TH_vs_SH,CP,vWAT,rescue_TH_vs_SH,deseq2_pseudobulk,True
Pamr1,833.0742691740685,-1.04827865523385,0.17339472278816095,-6.0456202955758265,1.4883624924898638e-09,9.593984626589662e-07,3,3,TH_vs_SH,CP,vWAT,rescue_TH_vs_SH,deseq2_pseudobulk,True
Fibin,272.56236537127984,-1.2404456505502055,0.285628198742199,-4.342868302263815,1.4063444577876102e-05,0.0019287864627444546,3,3,TH_vs_SH,CP,vWAT,rescue_TH_vs_SH,deseq2_pseudobulk,True
Gpr176,40.02757945163725,-2.3650835542826334,0.547527335365632,-4.319571647876283,1.5633234840225033e-05,0.002056567995512052,3,3,TH_vs_SH,CP,vWAT,rescue_TH_vs_SH,deseq2_pseudobulk,True
Fbn1,7903.432761973592,-0.9198377452518987,0.27072474694082993,-3.3976862316651824,0.0006795831533835943,0.0394648018622581,3,3,TH_vs_SH,CP,vWAT,rescue_TH_vs_SH,deseq2_pseudobulk,True
Gm9913,53.56108894520735,-1.5493694074794486,0.41458608928824736,-3.7371475973527555,0.00018611967885038216,0.015682711763000828,3,3,TH_vs_SH,CP,vWAT,rescue_TH_vs_SH,deseq2_pseudobulk,True
Kcnip3,159.5488006270127,1.1355371251621953,0.27317546860638536,4.156804895238872,3.227293747343691e-05,0.0036496728939258657,3,3,TH_vs_SH,CP,vWAT,rescue_TH_vs_SH,deseq2_pseudobulk,True
Fbln7,401.0283906240211,-1.114044740416809,0.28927252176296675,-3.8511944847968316,0.00011754310342395122,0.011224931032159845,3,3,TH_vs_SH,CP,vWAT,rescue_TH_vs_SH,deseq2_pseudobulk,True
Slc24a3,324.4233442146938,0.91409610797617,0.2425197684540834,3.769161226744438,0.0001637970622166434,0.014365113782972562,3,3,TH_vs_SH,CP,vWAT,rescue_TH_vs_SH,deseq2_pseudobulk,True
Id1,249.42554789695268,-0.9887430556314067,0.2921383953988059,-3.3845022468944808,0.0007130743532692918,0.04067557492889592,3,3,TH_vs_SH,CP,vWAT,rescue_TH_vs_SH,deseq2_pseudobulk,True
Foxs1,24.254860892277147,-2.3964917836210855,0.6304802712462094,-3.801057531719703,0.0001440798407571741,0.013198884092676347,3,3,TH_vs_SH,CP,vWAT,rescue_TH_vs_SH,deseq2_pseudobulk,True
Dusp15,11.117143805465965,3.6299846962213445,1.0015269046432465,3.624450505914646,0.0002895764660562413,0.021444139257627167,3,3,TH_vs_SH,CP,vWAT,rescue_TH_vs_SH,deseq2_pseudobulk,True
Helz2,412.16673950679683,0.7764495849849885,0.22414591093350833,3.464036358063735,0.0005321345824342199,0.033302325421077486,3,3,TH_vs_SH,CP,vWAT,rescue_TH_vs_SH,deseq2_pseudobulk,True
Tnik,120.63990355851922,1.1674870606269503,0.2802496751842747,4.165881940306564,3.101511865080983e-05,0.0035384682269578795,3,3,TH_vs_SH,CP,vWAT,rescue_TH_vs_SH,deseq2_pseudobulk,True
Postn,5158.486503451491,-1.734452542418433,0.25073257329092913,-6.9175397502338845,4.595544625667169e-12,4.557366254930857e-09,3,3,TH_vs_SH,CP,vWAT,rescue_TH_vs_SH,deseq2_pseudobulk,True
Fdps,147.61745173940784,-1.244539696512918,0.3176869474765722,-3.9175033988599623,8.947078473324416e-05,0.009011385599851436,3,3,TH_vs_SH,CP,vWAT,rescue_TH_vs_SH,deseq2_pseudobulk,True
S100a16,2212.3088377110375,-0.6896755318826916,0.20484124105950502,-3.366878311786568,0.0007602422709167424,0.04261323198547236,3,3,TH_vs_SH,CP,vWAT,rescue_TH_vs_SH,deseq2_pseudobulk,True
BC028528,90.73656111138837,-1.4826218887595262,0.39135116109389184,-3.788469375216239,0.0001515782731018822,0.013476876529858382,3,3,TH_vs_SH,CP,vWAT,rescue_TH_vs_SH,deseq2_pseudobulk,True
Olfml3,968.7185072390834,0.6366405320339545,0.18132406776356438,3.5110646914456787,0.00044631577153485475,0.02950719449552486,3,3,TH_vs_SH,CP,vWAT,rescue_TH_vs_SH,deseq2_pseudobulk,True
Gstm5,1516.1921279454648,1.1190520575589573,0.2736976077524311,4.0886439116091156,4.3390232452080265e-05,0.004740566752306939,3,3,TH_vs_SH,CP,vWAT,rescue_TH_vs_SH,deseq2_pseudobulk,True
Arhgap29,513.1534950476135,-1.2735372523077095,0.25101746866949437,-5.073500498025219,3.9056345206753245e-07,0.000114435091455787,3,3,TH_vs_SH,CP,vWAT,rescue_TH_vs_SH,deseq2_pseudobulk,True
Mcub,19.238596905599692,-3.385099699711442,0.7780787171419689,-4.350587704217842,1.3577313468231199e-05,0.0018923680933611757,3,3,TH_vs_SH,CP,vWAT,rescue_TH_vs_SH,deseq2_pseudobulk,True
Dkk2,57.19246752916491,1.6663753137037158,0.48527691587032773,3.43386478772667,0.0005950409382962466,0.03584704568465052,3,3,TH_vs_SH,CP,vWAT,rescue_TH_vs_SH,deseq2_pseudobulk,True
Lpar3,82.06801619690972,1.7698817988703053,0.331039980104117,5.346429148266777,8.97063728530619e-08,3.2124848856157605e-05,3,3,TH_vs_SH,CP,vWAT,rescue_TH_vs_SH,deseq2_pseudobulk,True
Penk,5733.07729917653,0.7453363019542079,0.2248508442644505,3.314803217183416,0.000917076586912678,0.04885517090280267,3,3,TH_vs_SH,CP,vWAT,rescue_TH_vs_SH,deseq2_pseudobulk,True
Tox,54.245886820162525,1.622276002830805,0.39175791543596283,4.141016528091017,3.4577004152500756e-05,0.003842816702879653,3,3,TH_vs_SH,CP,vWAT,rescue_TH_vs_SH,deseq2_pseudobulk,True
Tnc,240.13854973956617,-2.704858836620037,0.30185973334420885,-8.960648068736292,3.2277569785556137e-19,8.322448593507795e-16,3,3,TH_vs_SH,CP,vWAT,rescue_TH_vs_SH,deseq2_pseudobulk,True
Pappa,305.4913144004434,1.0871129506877668,0.23794703032311482,4.568718295040481,4.907158051630375e-06,0.0008215984623586856,3,3,TH_vs_SH,CP,vWAT,rescue_TH_vs_SH,deseq2_pseudobulk,True
Adamtsl1,428.1196739442499,0.8383217340054504,0.22349099469186876,3.7510313789656733,0.00017610865569464755,0.015237535498089908,3,3,TH_vs_SH,CP,vWAT,rescue_TH_vs_SH,deseq2_pseudobulk,True
Hacd4,121.34086799284107,-1.2088163075068514,0.3396116262218066,-3.5594079064812445,0.0003716918428343764,0.025349402087250072,3,3,TH_vs_SH,CP,vWAT,rescue_TH_vs_SH,deseq2_pseudobulk,True
Cyp2j9,220.50394489935152,0.7929925664295662,0.22756672863448735,3.484659515861184,0.0004927636445956928,0.03192316033229986,3,3,TH_vs_SH,CP,vWAT,rescue_TH_vs_SH,deseq2_pseudobulk,True
Cyp4b1,65.0481406215918,-4.821064490442672,1.108443854511175,-4.349398908047325,1.3651119506871652e-05,0.0018923680933611757,3,3,TH_vs_SH,CP,vWAT,rescue_TH_vs_SH,deseq2_pseudobulk,True
Hpca,72.53348689915042,1.8646276484027184,0.38394602417138624,4.856483805052722,1.1948854910481868e-06,0.0002784251307216543,3,3,TH_vs_SH,CP,vWAT,rescue_TH_vs_SH,deseq2_pseudobulk,True
Fndc5,236.54353020141812,1.3177509005614259,0.31781238223528213,4.14631705439932,3.37865900288745e-05,0.003787623640454348,3,3,TH_vs_SH,CP,vWAT,rescue_TH_vs_SH,deseq2_pseudobulk,True
Hspb7,44.3940937100404,1.3152421834197783,0.38689089965474693,3.3995169816438486,0.0006750498782461561,0.03938394132392676,3,3,TH_vs_SH,CP,vWAT,rescue_TH_vs_SH,deseq2_pseudobulk,True
Per3,188.91375109477448,1.870505152968566,0.27604256781042963,6.776147489879614,1.2342268443941322e-11,9.944782798705721e-09,3,3,TH_vs_SH,CP,vWAT,rescue_TH_vs_SH,deseq2_pseudobulk,True
Vwa1,1510.1400453586728,0.5361402029229841,0.15852329581532815,3.382090942315261,0.000719363255025463,0.04067557492889592,3,3,TH_vs_SH,CP,vWAT,rescue_TH_vs_SH,deseq2_pseudobulk,True
Cdk6,26.48434448424278,-3.543954044501253,0.8201475794678678,-4.321117483271315,1.552409861719119e-05,0.002056567995512052,3,3,TH_vs_SH,CP,vWAT,rescue_TH_vs_SH,deseq2_pseudobulk,True
Spon2,552.698631697135,-1.2572823855067987,0.25901513494959116,-4.8540884908192234,1.2094172603484829e-06,0.0002784251307216543,3,3,TH_vs_SH,CP,vWAT,rescue_TH_vs_SH,deseq2_pseudobulk,True
Dok7,141.0156157115588,3.2224649436609267,0.3820920839102386,8.43373908897299,3.347926722618238e-17,6.165924472570617e-14,3,3,TH_vs_SH,CP,vWAT,rescue_TH_vs_SH,deseq2_pseudobulk,True
Sel1l3,8.980478492320541,-3.9540574505854145,1.1500577856185388,-3.4381380657831837,0.0005857289701199822,0.03561895227729627,3,3,TH_vs_SH,CP,vWAT,rescue_TH_vs_SH,deseq2_pseudobulk,True
Uchl1,150.54846831345034,-1.020374786404966,0.26265307062731164,-3.8848766700801844,0.00010238184733264,0.01015312904471073,3,3,TH_vs_SH,CP,vWAT,rescue_TH_vs_SH,deseq2_pseudobulk,True
Ociad2,53.39563438071861,-1.6130127123206897,0.43048746227358364,-3.74694469335227,0.00017900153307841087,0.015384585096312487,3,3,TH_vs_SH,CP,vWAT,rescue_TH_vs_SH,deseq2_pseudobulk,True
Sult1e1,7571.801931281789,1.5694451588509029,0.30312371619542694,5.177572967728681,2.2479103578243158e-07,7.24501508326777e-05,3,3,TH_vs_SH,CP,vWAT,rescue_TH_vs_SH,deseq2_pseudobulk,True
Sept11,1464.2893726389336,-0.8884306149095405,0.2452126026269136,-3.623103402484052,0.00029108938644777804,0.021444139257627167,3,3,TH_vs_SH,CP,vWAT,rescue_TH_vs_SH,deseq2_pseudobulk,True
Anxa3,846.7833296643211,-1.5209621424511113,0.27110576801051645,-5.610216830178662,2.020732679807832e-08,9.30403061002949e-06,3,3,TH_vs_SH,CP,vWAT,rescue_TH_vs_SH,deseq2_pseudobulk,True
Lrrc8d,93.05743637343416,-1.7674750118179587,0.3631527124850455,-4.867029629830296,1.1328804967178157e-06,0.0002704647289571496,3,3,TH_vs_SH,CP,vWAT,rescue_TH_vs_SH,deseq2_pseudobulk,True
Asl,116.0505877075696,0.990662331865754,0.29082438971037533,3.4063935726034864,0.0006582720965612692,0.03876492795615218,3,3,TH_vs_SH,CP,vWAT,rescue_TH_vs_SH,deseq2_pseudobulk,True
Por,995.7177761489658,0.9833238744473901,0.21519023198265122,4.569556273012737,4.8875792278691445e-06,0.0008215984623586856,3,3,TH_vs_SH,CP,vWAT,rescue_TH_vs_SH,deseq2_pseudobulk,True
Gpr146,92.42683014293233,1.0924194403583611,0.3229481472465102,3.382646563147811,0.0007179095933048897,0.04067557492889592,3,3,TH_vs_SH,CP,vWAT,rescue_TH_vs_SH,deseq2_pseudobulk,True
Mmd2,40.739115514347354,2.9958860551055952,0.6510123243711348,4.60188838667465,4.186775593861994e-06,0.0007496654299454004,3,3,TH_vs_SH,CP,vWAT,rescue_TH_vs_SH,deseq2_pseudobulk,True
Flt1,22.81570831329365,-4.402836207144819,0.9458873972551956,-4.654714948017175,3.2442922859048212e-06,0.000615079649263014,3,3,TH_vs_SH,CP,vWAT,rescue_TH_vs_SH,deseq2_pseudobulk,True
Gng11,703.1708736174246,-0.6981770650729272,0.18370265107576764,-3.800582413941136,0.00014435639598722969,0.013198884092676347,3,3,TH_vs_SH,CP,vWAT,rescue_TH_vs_SH,deseq2_pseudobulk,True
Reep1,19.143289263589637,2.581269697057191,0.7641657334293768,3.377892496530988,0.0007304363022361998,0.04112133104117506,3,3,TH_vs_SH,CP,vWAT,rescue_TH_vs_SH,deseq2_pseudobulk,True
Tmsb10,16408.81969444936,-0.8370999357331106,0.22964523337364987,-3.6451875069886026,0.0002671969134553864,0.020504182192064534,3,3,TH_vs_SH,CP,vWAT,rescue_TH_vs_SH,deseq2_pseudobulk,True
Prokr1,148.9071687383757,1.0008658224158251,0.2924158054373324,3.422748715374486,0.0006199135612633362,0.0371717471246834,3,3,TH_vs_SH,CP,vWAT,rescue_TH_vs_SH,deseq2_pseudobulk,True
Lrrn1,218.1571646304483,1.292333960420395,0.2628763927723327,4.916127868277759,8.827275277734067e-07,0.00022760246576109515,3,3,TH_vs_SH,CP,vWAT,rescue_TH_vs_SH,deseq2_pseudobulk,True
Mfap5,9291.929824646539,-0.6539091832073769,0.1688432434746689,-3.8728774083606203,0.00010755793642620657,0.010585014629058436,3,3,TH_vs_SH,CP,vWAT,rescue_TH_vs_SH,deseq2_pseudobulk,True
Clec2d,551.8367610119548,-0.715362734740375,0.20994598439444428,-3.4073656459956823,0.000655931920803235,0.03876492795615218,3,3,TH_vs_SH,CP,vWAT,rescue_TH_vs_SH,deseq2_pseudobulk,True
Mgp,18041.483962838945,-1.0965856455947076,0.2130289207586609,-5.147590485317355,2.6385373638902373e-07,8.296591145188521e-05,3,3,TH_vs_SH,CP,vWAT,rescue_TH_vs_SH,deseq2_pseudobulk,True
Pde3a,744.337215451209,-0.8683759150444764,0.16607082745633361,-5.228949167925389,1.704762251576095e-07,5.783630249294478e-05,3,3,TH_vs_SH,CP,vWAT,rescue_TH_vs_SH,deseq2_pseudobulk,True
Peg3,473.0649215228578,-1.1173985751060274,0.1871344373542443,-5.9711007279264114,2.3565818319306286e-09,1.4467168084404604e-06,3,3,TH_vs_SH,CP,vWAT,rescue_TH_vs_SH,deseq2_pseudobulk,True
Slc1a5,2340.886274004755,0.8593798023493573,0.1704664893509024,5.041341589315765,4.6227944028160993e-07,0.0001324379232024559,3,3,TH_vs_SH,CP,vWAT,rescue_TH_vs_SH,deseq2_pseudobulk,True
Dedd2,212.58508240907256,1.0899723494096523,0.2258029580264178,4.827095087399745,1.3853898407828989e-06,0.0003049954383791331,3,3,TH_vs_SH,CP,vWAT,rescue_TH_vs_SH,deseq2_pseudobulk,True
Supt5,1812.8591108603061,0.7271938253671364,0.1951000467719104,3.727286781316315,0.00019355218172259714,0.016203082641348846,3,3,TH_vs_SH,CP,vWAT,rescue_TH_vs_SH,deseq2_pseudobulk,True
Slc17a7,42.91712775968307,1.9228594752216328,0.5052890058291734,3.8054647004762017,0.0001415382002470581,0.013127413507806282,3,3,TH_vs_SH,CP,vWAT,rescue_TH_vs_SH,deseq2_pseudobulk,True
Dbp,510.42629580084525,5.169467230580769,1.0666722392383332,4.846350209950222,1.2575345268658624e-06,0.00028442342316411753,3,3,TH_vs_SH,CP,vWAT,rescue_TH_vs_SH,deseq2_pseudobulk,True
Pcsk6,815.7470404912615,-0.7190750663582983,0.20729189330996628,-3.4689010499945407,0.0005225918912439944,0.0331884466104314,3,3,TH_vs_SH,CP,vWAT,rescue_TH_vs_SH,deseq2_pseudobulk,True
Anpep,312.4222346663533,-1.2735445685857436,0.27132970554883606,-4.693715957158702,2.682864837859428e-06,0.000532115284456673,3,3,TH_vs_SH,CP,vWAT,rescue_TH_vs_SH,deseq2_pseudobulk,True
Nmb,2022.6305431921335,1.3691754775857314,0.24130238873331733,5.6741066044684585,1.3941429797613023e-08,6.912804344262581e-06,3,3,TH_vs_SH,CP,vWAT,rescue_TH_vs_SH,deseq2_pseudobulk,True
Nox4,223.29437266525585,-0.9412957464846575,0.24792540567642152,-3.7966893466060694,0.00014664136507651566,0.013313383651876336,3,3,TH_vs_SH,CP,vWAT,rescue_TH_vs_SH,deseq2_pseudobulk,True
Prss23,2420.3598506915637,-1.3862069223446765,0.28415149212969554,-4.878408034936409,1.0694550752181216e-06,0.0002651425928790774,3,3,TH_vs_SH,CP,vWAT,rescue_TH_vs_SH,deseq2_pseudobulk,True
Uvrag,484.1429931826781,0.6253596330822624,0.17864900395147215,3.5004932535315665,0.0004643979931659553,0.030237469332805536,3,3,TH_vs_SH,CP,vWAT,rescue_TH_vs_SH,deseq2_pseudobulk,True
Dgat2,38.76193888366079,4.04613350821307,0.7428151413134246,5.447026161931502,5.121893207333033e-08,2.1300466848044343e-05,3,3,TH_vs_SH,CP,vWAT,rescue_TH_vs_SH,deseq2_pseudobulk,True
Slco2b1,770.1770532137272,0.7237053787525093,0.20054353687617862,3.608719533052546,0.00030771205841743335,0.02228665088268287,3,3,TH_vs_SH,CP,vWAT,rescue_TH_vs_SH,deseq2_pseudobulk,True
Lmo1,250.99259301805685,0.8360503114025488,0.22138096133930546,3.7765230864688215,0.0001590328250974392,0.014042816309288947,3,3,TH_vs_SH,CP,vWAT,rescue_TH_vs_SH,deseq2_pseudobulk,True
Adm,2566.2449418356196,-0.915827443752636,0.21698503998311683,-4.220693941959753,2.4355141781622812e-05,0.002962136677817748,3,3,TH_vs_SH,CP,vWAT,rescue_TH_vs_SH,deseq2_pseudobulk,True
Mical2,109.5065827226365,-1.208094073810885,0.32312385557309337,-3.738795675324578,0.00018490393129342908,0.015682711763000828,3,3,TH_vs_SH,CP,vWAT,rescue_TH_vs_SH,deseq2_pseudobulk,True
Arntl,171.6584869959655,-3.2176873113885165,0.28858346214928443,-11.149936615993623,7.165739390172841e-29,9.238071221810828e-25,3,3,TH_vs_SH,CP,vWAT,rescue_TH_vs_SH,deseq2_pseudobulk,True
Rras2,87.29604666342414,-1.5165778647305235,0.3377574704813485,-4.490138626894623,7.117683505586766e-06,0.0011055563343858384,3,3,TH_vs_SH,CP,vWAT,rescue_TH_vs_SH,deseq2_pseudobulk,True
Fam57b,15.148576515825935,2.5623897303242082,0.7459939448548981,3.4348666607778084,0.000592845456075341,0.03584704568465052,3,3,TH_vs_SH,CP,vWAT,rescue_TH_vs_SH,deseq2_pseudobulk,True
Fgfr2,38.634093094451735,1.967122810802563,0.5327291937490177,3.6925380359938083,0.00022202712100869622,0.017668973111383407,3,3,TH_vs_SH,CP,vWAT,rescue_TH_vs_SH,deseq2_pseudobulk,True
Tspan4,987.4005284548861,0.6200307450253866,0.18001652448716932,3.444299054165882,0.0005725420465321456,0.0351486288756782,3,3,TH_vs_SH,CP,vWAT,rescue_TH_vs_SH,deseq2_pseudobulk,True
Lsp1,548.5910417537092,-1.0626506182302917,0.2574318834312302,-4.127890469768349,3.6610641587541995e-05,0.0040340546268939435,3,3,TH_vs_SH,CP,vWAT,rescue_TH_vs_SH,deseq2_pseudobulk,True
Ccnd1,80.14697479451111,-2.3874906785599763,0.4959851354531086,-4.813633530325213,1.4821048936373832e-06,0.0003184549381462191,3,3,TH_vs_SH,CP,vWAT,rescue_TH_vs_SH,deseq2_pseudobulk,True
Hpgd,1383.8316667803538,-1.035287728139859,0.19042384304585927,-5.43675472346461,5.4259749201412755e-08,2.1859896459519165e-05,3,3,TH_vs_SH,CP,vWAT,rescue_TH_vs_SH,deseq2_pseudobulk,True
Palld,382.9147284313295,-0.9853770928624174,0.2635420250993497,-3.7389751880784527,0.0001847719608392311,0.015682711763000828,3,3,TH_vs_SH,CP,vWAT,rescue_TH_vs_SH,deseq2_pseudobulk,True
Lpl,15080.122170138025,-0.786895578427971,0.21213298674720663,-3.709444676634351,0.00020771433714778312,0.016948438193096327,3,3,TH_vs_SH,CP,vWAT,rescue_TH_vs_SH,deseq2_pseudobulk,True
Gm3336,326.3664148771641,0.932046473845132,0.26588474682725355,3.5054529639892675,0.00045583103661314776,0.029982519000085205,3,3,TH_vs_SH,CP,vWAT,rescue_TH_vs_SH,deseq2_pseudobulk,True
Pde4c,275.663146530662,1.1765817521300557,0.23997457732028332,4.90294332536619,9.441123003652425e-07,0.0002386567799276217,3,3,TH_vs_SH,CP,vWAT,rescue_TH_vs_SH,deseq2_pseudobulk,True
Gnao1,270.35153965269905,0.8905749709589684,0.2399364399915003,3.711712030863327,0.00020586211808151602,0.016904295708961174,3,3,TH_vs_SH,CP,vWAT,rescue_TH_vs_SH,deseq2_pseudobulk,True
Cdh11,118.57663520824873,-1.6726343126428667,0.4851824897439795,-3.447433384344683,0.0005659399525475205,0.03507739359732036,3,3,TH_vs_SH,CP,vWAT,rescue_TH_vs_SH,deseq2_pseudobulk,True
Cotl1,232.73586296587837,1.1810403506252674,0.27612894869597504,4.277133405254161,1.8931536090185517e-05,0.002416488745293779,3,3,TH_vs_SH,CP,vWAT,rescue_TH_vs_SH,deseq2_pseudobulk,True
Agt,1814.9780274407822,1.499770731919054,0.3107944981511564,4.825602579327622,1.3958059932026722e-06,0.0003049954383791331,3,3,TH_vs_SH,CP,vWAT,rescue_TH_vs_SH,deseq2_pseudobulk,True
Mmp3,247.0691039873109,-3.1133721218342743,0.43123509580147074,-7.219663130729018,5.211651538565585e-13,6.718861163518752e-10,3,3,TH_vs_SH,CP,vWAT,rescue_TH_vs_SH,deseq2_pseudobulk,True
Gramd1b,26.967531286922156,2.2647753892439786,0.6533833104212647,3.466227791744143,0.0005278158931109963,0.03319318289749739,3,3,TH_vs_SH,CP,vWAT,rescue_TH_vs_SH,deseq2_pseudobulk,True
Clmp,903.8932350995087,-0.7999012423539721,0.20197580765420584,-3.9603814518392664,7.483013461688415e-05,0.007717680763846964,3,3,TH_vs_SH,CP,vWAT,rescue_TH_vs_SH,deseq2_pseudobulk,True
Sorl1,14.204412259370237,5.806879858386478,1.3807941235132468,4.205463913484542,2.6054716093399433e-05,0.0031101611099639396,3,3,TH_vs_SH,CP,vWAT,rescue_TH_vs_SH,deseq2_pseudobulk,True
D630033O11Rik,149.4031553647359,-1.1377288816610371,0.33585174828368497,-3.3875925537836653,0.0007050892317911075,0.04058040346540606,3,3,TH_vs_SH,CP,vWAT,rescue_TH_vs_SH,deseq2_pseudobulk,True
Tagln,343.592469422432,-2.9343815479801556,0.429467770056899,-6.832600145038561,8.338915236068275e-12,7.16701968155948e-09,3,3,TH_vs_SH,CP,vWAT,rescue_TH_vs_SH,deseq2_pseudobulk,True
Arih1,2063.3305991358093,0.7094453678376119,0.19812569245429631,3.580784294299776,0.0003425643820449381,0.024003420434472282,3,3,TH_vs_SH,CP,vWAT,rescue_TH_vs_SH,deseq2_pseudobulk,True
Cilp,648.6558923907388,-0.9655361287865034,0.2656433234711059,-3.634708812440848,0.00027829477869990073,0.02098114787718784,3,3,TH_vs_SH,CP,vWAT,rescue_TH_vs_SH,deseq2_pseudobulk,True
Tpm1,687.4685214576904,-0.8947058314397969,0.208826150839672,-4.284453014348355,1.8318931582548647e-05,0.0023616766596221716,3,3,TH_vs_SH,CP,vWAT,rescue_TH_vs_SH,deseq2_pseudobulk,True
Aldh1a2,418.206723824574,-1.5292896882956548,0.22286952091060627,-6.861816196522709,6.79905110071585e-12,6.26095477074491e-09,3,3,TH_vs_SH,CP,vWAT,rescue_TH_vs_SH,deseq2_pseudobulk,True
Tpbg,190.94929651766782,-0.9027280883200272,0.24785820871657263,-3.642114953522892,0.0002704072654124316,0.02062775423489389,3,3,TH_vs_SH,CP,vWAT,rescue_TH_vs_SH,deseq2_pseudobulk,True
Nt5e,237.4839218756871,1.8626178882726656,0.23690383190122796,7.862337528796262,3.7703043386673865e-15,5.400751503788883e-12,3,3,TH_vs_SH,CP,vWAT,rescue_TH_vs_SH,deseq2_pseudobulk,True
Trf,8377.291033328842,1.0688838610950657,0.25301174743972743,4.224641234690874,2.3932172603767027e-05,0.0029384149448358527,3,3,TH_vs_SH,CP,vWAT,rescue_TH_vs_SH,deseq2_pseudobulk,True
Myrip,16.64903201738661,3.2051109953446995,0.7638938129866705,4.195754620414273,2.719645639032609e-05,0.0031874246889462177,3,3,TH_vs_SH,CP,vWAT,rescue_TH_vs_SH,deseq2_pseudobulk,True
Ulbp1,9.830767440110128,-3.6267939702879093,1.0950751457180439,-3.3119133280208,0.0009266024833107123,0.04911794120586113,3,3,TH_vs_SH,CP,vWAT,rescue_TH_vs_SH,deseq2_pseudobulk,True
Ccn2,371.2486427741007,-2.6572693586542973,0.33045080042171676,-8.041346413030704,8.885666838933277e-16,1.4319252110940977e-12,3,3,TH_vs_SH,CP,vWAT,rescue_TH_vs_SH,deseq2_pseudobulk,True
Arhgap18,382.28130771794514,-0.7292170108959632,0.21398583580338076,-3.4077816793724547,0.0006549327253991302,0.03876492795615218,3,3,TH_vs_SH,CP,vWAT,rescue_TH_vs_SH,deseq2_pseudobulk,True
Rspo3,328.41405317928593,1.3454960759325174,0.3198593274663526,4.206524432444622,2.5932805873755533e-05,0.0031101611099639396,3,3,TH_vs_SH,CP,vWAT,rescue_TH_vs_SH,deseq2_pseudobulk,True
Marcks,4351.923352079163,-1.4413618626798348,0.31639241461676176,-4.55561447143327,5.223266064615639e-06,0.0008417293263128103,3,3,TH_vs_SH,CP,vWAT,rescue_TH_vs_SH,deseq2_pseudobulk,True
Lrrtm3,121.9360842807039,1.186905126148467,0.3087263910304191,3.8445211055232407,0.0001207880896575545,0.011450000381361711,3,3,TH_vs_SH,CP,vWAT,rescue_TH_vs_SH,deseq2_pseudobulk,True
Mmp11,607.8344322257276,-0.9315677933756767,0.27866222194013696,-3.3429999477137553,0.0008287791548029454,0.04566077292187851,3,3,TH_vs_SH,CP,vWAT,rescue_TH_vs_SH,deseq2_pseudobulk,True
Pdxk,242.3056326668465,0.9844388150422299,0.2446758882794973,4.023440241556165,5.7354141831119806e-05,0.006011460134038997,3,3,TH_vs_SH,CP,vWAT,rescue_TH_vs_SH,deseq2_pseudobulk,True
Timp3,4937.042259711104,1.360656952449968,0.22873895947581635,5.948514217114925,2.7058738903693643e-09,1.5856420997564475e-06,3,3,TH_vs_SH,CP,vWAT,rescue_TH_vs_SH,deseq2_pseudobulk,True
Igf1,4826.255754777112,1.6733021511575712,0.2702383788524943,6.191948598355523,5.942493297470443e-10,4.506507270058174e-07,3,3,TH_vs_SH,CP,vWAT,rescue_TH_vs_SH,deseq2_pseudobulk,True
Slc16a7,82.7726176768273,1.4252533172340778,0.3190897100636361,4.4666226214246745,7.946412339634339e-06,0.0011917803402886505,3,3,TH_vs_SH,CP,vWAT,rescue_TH_vs_SH,deseq2_pseudobulk,True
Ndufa4l2,380.14318649033567,-0.8960942129580717,0.2695288911751685,-3.3246684949098633,0.0008852372423350696,0.04761147936051608,3,3,TH_vs_SH,CP,vWAT,rescue_TH_vs_SH,deseq2_pseudobulk,True
Sh3pxd2b,639.3196145386554,-0.6899969552443268,0.1939247023323165,-3.5580663368090293,0.0003735949733615819,0.025349402087250072,3,3,TH_vs_SH,CP,vWAT,rescue_TH_vs_SH,deseq2_pseudobulk,True
Ntn1,626.4392130769792,0.694845095923676,0.19656684177438705,3.5349049191175204,0.0004079219109370546,0.02739025664479431,3,3,TH_vs_SH,CP,vWAT,rescue_TH_vs_SH,deseq2_pseudobulk,True
Kdm6b,7718.504405557098,0.6767431795277417,0.1951780566960245,3.4673118022776475,0.0005256917134768635,0.03319318289749739,3,3,TH_vs_SH,CP,vWAT,rescue_TH_vs_SH,deseq2_pseudobulk,True
Aspa,417.235772004964,0.9448162899462544,0.20566144067481915,4.59403710703431,4.347520191537263e-06,0.0007563113182406299,3,3,TH_vs_SH,CP,vWAT,rescue_TH_vs_SH,deseq2_pseudobulk,True
Tmem98,28.00148530261026,-2.176876414789018,0.5926032373701478,-3.6734129642111832,0.0002393322211805106,0.018813847533287454,3,3,TH_vs_SH,CP,vWAT,rescue_TH_vs_SH,deseq2_pseudobulk,True
Ccl8,106.92630325230539,-2.105550868840639,0.38986568807105054,-5.40070832921546,6.637827484329207e-08,2.593177937211277e-05,3,3,TH_vs_SH,CP,vWAT,rescue_TH_vs_SH,deseq2_pseudobulk,True
Hlf,376.62943351120657,1.5536966109427417,0.2966797107392588,5.236949325153652,1.632524921948503e-07,5.688246295610838e-05,3,3,TH_vs_SH,CP,vWAT,rescue_TH_vs_SH,deseq2_pseudobulk,True
Gngt2,144.3425389866413,-1.7289712739327374,0.3675239376706665,-4.7043773118311725,2.5464193884086217e-06,0.0005129443555525618,3,3,TH_vs_SH,CP,vWAT,rescue_TH_vs_SH,deseq2_pseudobulk,True
Nr1d1,301.9946779837481,2.0612352082483008,0.3371492110699147,6.113718023266743,9.73362333843167e-10,6.971437337725616e-07,3,3,TH_vs_SH,CP,vWAT,rescue_TH_vs_SH,deseq2_pseudobulk,True
Cnp,179.00960762466457,0.9349904911627869,0.25302805809279766,3.69520478562848,0.00021970963023138258,0.01759314629157133,3,3,TH_vs_SH,CP,vWAT,rescue_TH_vs_SH,deseq2_pseudobulk,True
Wnk4,55.23049696049733,1.5191635125155694,0.3977185681997218,3.819694713757224,0.00013361694677005624,0.012573647282916533,3,3,TH_vs_SH,CP,vWAT,rescue_TH_vs_SH,deseq2_pseudobulk,True
Aoc3,1440.0171947897043,0.6318376975437746,0.18777607704952723,3.3648466166279696,0.0007658622117555329,0.04274240534178498,3,3,TH_vs_SH,CP,vWAT,rescue_TH_vs_SH,deseq2_pseudobulk,True
Higd1b,73.25188637336093,-1.426338678514899,0.36910479752343567,-3.864318990392793,0.000111399563106119,0.010811536067995094,3,3,TH_vs_SH,CP,vWAT,rescue_TH_vs_SH,deseq2_pseudobulk,True
Itgb3,56.9850439373079,-1.615019259124858,0.4398634131220829,-3.6716380834261697,0.00024100080784792,0.01883019645318415,3,3,TH_vs_SH,CP,vWAT,rescue_TH_vs_SH,deseq2_pseudobulk,True
Cyb561,207.9190228960057,1.059714276397717,0.24681095250423543,4.293627432840654,1.7577734761430618e-05,0.0022890116822662982,3,3,TH_vs_SH,CP,vWAT,rescue_TH_vs_SH,deseq2_pseudobulk,True
Ace,3744.9978833496134,0.6957316231410229,0.16413742589067784,4.238714110238382,2.2480371828819835e-05,0.002786701477087936,3,3,TH_vs_SH,CP,vWAT,rescue_TH_vs_SH,deseq2_pseudobulk,True
Cacng4,52.92699318974326,2.4659719632574606,0.4455093369362422,5.535174594130608,3.1091847813895317e-08,1.3361203400557947e-05,3,3,TH_vs_SH,CP,vWAT,rescue_TH_vs_SH,deseq2_pseudobulk,True
Sept9,174.02486094367552,-1.7390141192540014,0.3342022865233486,-5.203477622324728,1.955933147114593e-07,6.465612854513162e-05,3,3,TH_vs_SH,CP,vWAT,rescue_TH_vs_SH,deseq2_pseudobulk,True
Rbfox3,12.334165920368326,3.7708453039362566,0.930675738529675,4.051728381674174,5.084066645742494e-05,0.005416841917100184,3,3,TH_vs_SH,CP,vWAT,rescue_TH_vs_SH,deseq2_pseudobulk,True
Sdc1,121.78112768300099,-0.9398042207431561,0.2819459996994919,-3.3332773713577524,0.000858293300453715,0.04688608995529362,3,3,TH_vs_SH,CP,vWAT,rescue_TH_vs_SH,deseq2_pseudobulk,True
Rnf144a,424.5643269316491,-1.3268977160012463,0.2907202425613935,-4.564173806098265,5.0146522416247235e-06,0.000824545284999151,3,3,TH_vs_SH,CP,vWAT,rescue_TH_vs_SH,deseq2_pseudobulk,True
Actn1,191.42552762180344,-1.795567726787422,0.3517625180594797,-5.104488496081918,3.3169045021806203e-07,9.944542521421525e-05,3,3,TH_vs_SH,CP,vWAT,rescue_TH_vs_SH,deseq2_pseudobulk,True
Erh,323.4472688833736,-1.0749032016497435,0.30105332161267057,-3.570474479044923,0.00035633517288822326,0.02461659745129871,3,3,TH_vs_SH,CP,vWAT,rescue_TH_vs_SH,deseq2_pseudobulk,True
Tgfb3,270.1575824386917,0.7432476079949779,0.22308964652107788,3.331609599931634,0.0008634529237116824,0.04696892444089033,3,3,TH_vs_SH,CP,vWAT,rescue_TH_vs_SH,deseq2_pseudobulk,True
Lgmn,256.69678648482005,-1.1844451590893412,0.2669395666285318,-4.437128500840017,9.116687449884042e-06,0.001335594711408012,3,3,TH_vs_SH,CP,vWAT,rescue_TH_vs_SH,deseq2_pseudobulk,True
Serpina3g,166.10533222070487,-1.1940499864568523,0.3397347778320053,-3.5146533836677016,0.00044032830391170643,0.029261404608400616,3,3,TH_vs_SH,CP,vWAT,rescue_TH_vs_SH,deseq2_pseudobulk,True
Dio3os,147.14782731868658,1.0150182050286043,0.30216561854409224,3.3591452592098667,0.0007818395894451892,0.04325955359282137,3,3,TH_vs_SH,CP,vWAT,rescue_TH_vs_SH,deseq2_pseudobulk,True
Chrm3,183.94980046031958,1.0037321759388782,0.2803120465661652,3.5807671779883927,0.00034258682593413746,0.024003420434472282,3,3,TH_vs_SH,CP,vWAT,rescue_TH_vs_SH,deseq2_pseudobulk,True
Gm47405,90.84743289595765,1.103803943006927,0.3034202324548872,3.637871918020634,0.00027490006463511016,0.020847127254563762,3,3,TH_vs_SH,CP,vWAT,rescue_TH_vs_SH,deseq2_pseudobulk,True
Amph,223.87011711170786,0.8682657033317805,0.2275441250644967,3.815812441150362,0.0001357355816740981,0.012680457383641108,3,3,TH_vs_SH,CP,vWAT,rescue_TH_vs_SH,deseq2_pseudobulk,True
Sfrp4,200.43721196490978,-2.942905493521011,0.31811423776760306,-9.2510964431304,2.222014622586846e-20,7.161553128597405e-17,3,3,TH_vs_SH,CP,vWAT,rescue_TH_vs_SH,deseq2_pseudobulk,True
Cmah,63.26579137134081,-1.8967760950770758,0.41067934434995157,-4.6186303771362285,3.862812396891805e-06,0.0007013996819821006,3,3,TH_vs_SH,CP,vWAT,rescue_TH_vs_SH,deseq2_pseudobulk,True
Sox4,908.7292924514937,-1.1815015825532678,0.2573214563754576,-4.591539311161597,4.399887439345892e-06,0.0007563113182406299,3,3,TH_vs_SH,CP,vWAT,rescue_TH_vs_SH,deseq2_pseudobulk,True
Tubb2b,115.38463366196628,-1.5603826133185976,0.45355849785464125,-3.4403117143638595,0.0005810445634409102,0.03550154744966926,3,3,TH_vs_SH,CP,vWAT,rescue_TH_vs_SH,deseq2_pseudobulk,True
Edn1,108.09485030436117,-1.6894056746942543,0.35227481626654455,-4.795703799092994,1.6210466482698525e-06,0.00034259890802450715,3,3,TH_vs_SH,CP,vWAT,rescue_TH_vs_SH,deseq2_pseudobulk,True
Susd3,11.110439970031537,6.381965990648886,1.8141559103988756,3.517870737606942,0.00043502421162634004,0.02905871573205583,3,3,TH_vs_SH,CP,vWAT,rescue_TH_vs_SH,deseq2_pseudobulk,True
Aspn,1448.9760209313256,-1.2007855527391849,0.27316482132788206,-4.395827936049905,1.1035132383663807e-05,0.00158072140766882,3,3,TH_vs_SH,CP,vWAT,rescue_TH_vs_SH,deseq2_pseudobulk,True
Ogn,10062.78364036272,0.5746011405646381,0.15996882039037888,3.591957102405418,0.000328203884527421,0.023376820327776302,3,3,TH_vs_SH,CP,vWAT,rescue_TH_vs_SH,deseq2_pseudobulk,True
Lhfpl2,279.30880360700013,-1.3014505801616973,0.2790871743537873,-4.663240377043992,3.112688099578306e-06,0.0005989369399964704,3,3,TH_vs_SH,CP,vWAT,rescue_TH_vs_SH,deseq2_pseudobulk,True
Map1b,1387.6594347390637,1.0468009518652048,0.2119638497103039,4.938582467226807,7.86924990031102e-07,0.00020704157084655035,3,3,TH_vs_SH,CP,vWAT,rescue_TH_vs_SH,deseq2_pseudobulk,True
Kif2a,483.96566302819474,-0.8052817805256497,0.22275629759947263,-3.615079749500901,0.0003002551781664843,0.021869433654928338,3,3,TH_vs_SH,CP,vWAT,rescue_TH_vs_SH,deseq2_pseudobulk,True
Cadps,136.26781269654103,1.2249751827494224,0.340866853609506,3.5937057821196743,0.0003260079502133939,0.023349413856394854,3,3,TH_vs_SH,CP,vWAT,rescue_TH_vs_SH,deseq2_pseudobulk,True
Nr1d2,528.9152216102156,2.080550962489348,0.22485150614412472,9.25299989387557,2.182786494480815e-20,7.161553128597405e-17,3,3,TH_vs_SH,CP,vWAT,rescue_TH_vs_SH,deseq2_pseudobulk,True
Arhgef3,115.46340665554368,1.3082738193378836,0.36103901680577505,3.623635558595829,0.0002904908438105044,0.021444139257627167,3,3,TH_vs_SH,CP,vWAT,rescue_TH_vs_SH,deseq2_pseudobulk,True
Gdf10,4304.816727134054,1.4678438774629674,0.2064855692790952,7.108699569600253,1.1714142241098613e-12,1.3728974706567574e-09,3,3,TH_vs_SH,CP,vWAT,rescue_TH_vs_SH,deseq2_pseudobulk,True
Armh4,679.7720315053976,0.5671133366264527,0.16749002714432856,3.3859528611680445,0.0007093156683120552,0.04064221153724007,3,3,TH_vs_SH,CP,vWAT,rescue_TH_vs_SH,deseq2_pseudobulk,True
Slc7a7,24.146368013441005,-1.9180373060489693,0.5330809716361615,-3.5980224545663737,0.0003206459415867226,0.023093673066681718,3,3,TH_vs_SH,CP,vWAT,rescue_TH_vs_SH,deseq2_pseudobulk,True
Nefl,28.458832761401123,-2.6768385794276464,0.7240569312611624,-3.697000144401806,0.00021816221834204298,0.017578420742910113,3,3,TH_vs_SH,CP,vWAT,rescue_TH_vs_SH,deseq2_pseudobulk,True
Klf12,109.64586176953071,0.9771830856306747,0.2939497753378533,3.3243198927692394,0.0008863446359388659,0.04761147936051608,3,3,TH_vs_SH,CP,vWAT,rescue_TH_vs_SH,deseq2_pseudobulk,True
Gm36107,14.86009709792206,-3.9053591367441887,0.9357751183565813,-4.173394932323937,3.0009408500102573e-05,0.0034542972712796644,3,3,TH_vs_SH,CP,vWAT,rescue_TH_vs_SH,deseq2_pseudobulk,True
Mir17hg,50.85329413962887,2.1725990554210295,0.5110548740603998,4.251205038236769,2.1262340007682217e-05,0.0026613018192139723,3,3,TH_vs_SH,CP,vWAT,rescue_TH_vs_SH,deseq2_pseudobulk,True
Plcxd3,103.83964739507734,1.6614940528588056,0.3733879092256096,4.449780005744354,8.595829407757554e-06,0.0012737635945380503,3,3,TH_vs_SH,CP,vWAT,rescue_TH_vs_SH,deseq2_pseudobulk,True
C7,928.0743659907583,1.8696737678323812,0.3224879832170568,5.797654068164025,6.724899039380973e-09,3.4678959366279796e-06,3,3,TH_vs_SH,CP,vWAT,rescue_TH_vs_SH,deseq2_pseudobulk,True
Slc1a3,185.3811388612606,1.065941709634468,0.2994373188538523,3.5598158362977026,0.0003711149590625478,0.025349402087250072,3,3,TH_vs_SH,CP,vWAT,rescue_TH_vs_SH,deseq2_pseudobulk,True
Basp1,938.6849737054948,-0.9058953166394682,0.21677831865176148,-4.1789018490115835,2.929200591383075e-05,0.003402094957127081,3,3,TH_vs_SH,CP,vWAT,rescue_TH_vs_SH,deseq2_pseudobulk,True
Ext1,987.6654936090196,-0.6122860924529744,0.184924772940349,-3.3110009152233966,0.000929629045472395,0.04911794120586113,3,3,TH_vs_SH,CP,vWAT,rescue_TH_vs_SH,deseq2_pseudobulk,True
Tnfrsf11b,48.11018947264867,-2.5569000756470914,0.5005967179626815,-5.107704433327315,3.2609620575907534e-07,9.944542521421525e-05,3,3,TH_vs_SH,CP,vWAT,rescue_TH_vs_SH,deseq2_pseudobulk,True
Col14a1,1814.0983243025219,-1.112320761761192,0.191559878475891,-5.806647877473908,6.3735981452248516e-09,3.4236844703432827e-06,3,3,TH_vs_SH,CP,vWAT,rescue_TH_vs_SH,deseq2_pseudobulk,True
Ly6c1,1511.621892689666,-1.2141942171025284,0.3089091992569351,-3.930586139950539,8.473902667354575e-05,0.008602012062010644,3,3,TH_vs_SH,CP,vWAT,rescue_TH_vs_SH,deseq2_pseudobulk,True
Ly6h,9.066141012351721,-3.3855186897083933,0.97505735222584,-3.472122621279665,0.0005163604246153086,0.03295504254525029,3,3,TH_vs_SH,CP,vWAT,rescue_TH_vs_SH,deseq2_pseudobulk,True
Scrib,233.48955474153502,1.039285167566853,0.2476716393094354,4.196221943152698,2.7140429858861157e-05,0.0031874246889462177,3,3,TH_vs_SH,CP,vWAT,rescue_TH_vs_SH,deseq2_pseudobulk,True
Tef,391.54646762089004,2.1622572248665515,0.21417034875111277,10.09596910812014,5.7559693293830195e-24,3.710297829720294e-20,3,3,TH_vs_SH,CP,vWAT,rescue_TH_vs_SH,deseq2_pseudobulk,True
Fmnl3,36.50669713899031,-2.104662467454466,0.5713345461789194,-3.6837654602376673,0.00022981371193453657,0.01817643174392666,3,3,TH_vs_SH,CP,vWAT,rescue_TH_vs_SH,deseq2_pseudobulk,True
Tns2,1269.9872265085298,0.6278114846164397,0.1686592319336726,3.7223665578136544,0.000197364219935875,0.016310381560341668,3,3,TH_vs_SH,CP,vWAT,rescue_TH_vs_SH,deseq2_pseudobulk,True
Ppl,583.1172784780896,1.264424661124485,0.2264287182119063,5.58420623986908,2.3476997500411248e-08,1.0436739716389717e-05,3,3,TH_vs_SH,CP,vWAT,rescue_TH_vs_SH,deseq2_pseudobulk,True
Tmem114,15.666627579202684,3.8696737766742153,0.9089947352334133,4.257091517345866,2.071035926987903e-05,0.0026176269775223574,3,3,TH_vs_SH,CP,vWAT,rescue_TH_vs_SH,deseq2_pseudobulk,True
Pkp2,74.90385632649615,1.5297729821515185,0.37643990776309827,4.063790662477363,4.828213151311786e-05,0.005187110328892629,3,3,TH_vs_SH,CP,vWAT,rescue_TH_vs_SH,deseq2_pseudobulk,True
Hes1,1642.5881060764589,-0.975832843717209,0.25744203130064225,-3.790495432261509,0.0001503470976938781,0.013460241551871364,3,3,TH_vs_SH,CP,vWAT,rescue_TH_vs_SH,deseq2_pseudobulk,True
Mylk,849.0657524643821,0.7801244815275217,0.1762252711555949,4.426859305773035,9.56150526030463e-06,0.0013850216383803067,3,3,TH_vs_SH,CP,vWAT,rescue_TH_vs_SH,deseq2_pseudobulk,True
Boc,1278.8596030309839,0.6709504242049341,0.1682126032705546,3.9887048363776385,6.643502267201968e-05,0.006907099292642562,3,3,TH_vs_SH,CP,vWAT,rescue_TH_vs_SH,deseq2_pseudobulk,True
Vgll3,1456.1514663735109,-0.9568136247486201,0.19192431502063761,-4.985369491331695,6.184351240315885e-07,0.00016963543870245193,3,3,TH_vs_SH,CP,vWAT,rescue_TH_vs_SH,deseq2_pseudobulk,True
Map3k7cl,17.45034333057453,-2.809961713086267,0.7700574107896536,-3.6490288564391555,0.0002632335375267055,0.020320998597570587,3,3,TH_vs_SH,CP,vWAT,rescue_TH_vs_SH,deseq2_pseudobulk,True
Clic6,190.18895650372818,2.478833975472454,0.3523830366128374,7.03448724234687,1.9999509905685076e-12,2.1486140142007664e-09,3,3,TH_vs_SH,CP,vWAT,rescue_TH_vs_SH,deseq2_pseudobulk,True
Fndc1,688.759072299491,-0.8688539325553006,0.18403731727527262,-4.721074754940695,2.346016887570292e-06,0.00048007697959613025,3,3,TH_vs_SH,CP,vWAT,rescue_TH_vs_SH,deseq2_pseudobulk,True
Thbs2,431.6232804468281,-1.1179226918035017,0.24755988304192963,-4.515766763446714,6.308807195219175e-06,0.0010041128686514274,3,3,TH_vs_SH,CP,vWAT,rescue_TH_vs_SH,deseq2_pseudobulk,True
Cdkn1a,1738.82793316003,-1.247249757124856,0.36165303154301437,-3.448746860501598,0.00056319440880355,0.035075856610122545,3,3,TH_vs_SH,CP,vWAT,rescue_TH_vs_SH,deseq2_pseudobulk,True
Angptl4,2057.301458664197,-1.009858653801442,0.22577321360537403,-4.47288957655783,7.71696327082063e-06,0.0011843701248502327,3,3,TH_vs_SH,CP,vWAT,rescue_TH_vs_SH,deseq2_pseudobulk,True
Ly6g6e,13.910803418280103,2.649761623432164,0.7882954934968245,3.361381163905941,0.0007755372079538847,0.04309580036612708,3,3,TH_vs_SH,CP,vWAT,rescue_TH_vs_SH,deseq2_pseudobulk,True
Pla2g7,9.651880839259523,5.21707219745411,1.5346667349189729,3.3994821668755075,0.0006751358231917324,0.03938394132392676,3,3,TH_vs_SH,CP,vWAT,rescue_TH_vs_SH,deseq2_pseudobulk,True
Rftn1,356.2153517802091,-1.033437679266013,0.22501310656667073,-4.592788815880858,4.373616000670574e-06,0.0007563113182406299,3,3,TH_vs_SH,CP,vWAT,rescue_TH_vs_SH,deseq2_pseudobulk,True
Lbh,234.99261170800105,-1.0407537548973593,0.2915327828731945,-3.5699372970690813,0.00035706668658027144,0.02461659745129871,3,3,TH_vs_SH,CP,vWAT,rescue_TH_vs_SH,deseq2_pseudobulk,True
Cdc42ep3,110.77155912507787,-1.3573569499997995,0.31289034338013316,-4.3381234950761485,1.4370440484237403e-05,0.0019501444076083009,3,3,TH_vs_SH,CP,vWAT,rescue_TH_vs_SH,deseq2_pseudobulk,True
Taf4b,225.39116943720546,1.9632481086620035,0.481119036302884,4.080587049201809,4.49221017248435e-05,0.004866686852409096,3,3,TH_vs_SH,CP,vWAT,rescue_TH_vs_SH,deseq2_pseudobulk,True
Ecscr,29.04005254470991,-3.0009440011417707,0.5604864481489109,-5.354177627403536,8.594640004273999e-08,3.165774255288583e-05,3,3,TH_vs_SH,CP,vWAT,rescue_TH_vs_SH,deseq2_pseudobulk,True
Pcdh12,64.2773828356206,-1.914745441003775,0.4117537024101839,-4.650220337536466,3.3158059120959285e-06,0.0006195270988223292,3,3,TH_vs_SH,CP,vWAT,rescue_TH_vs_SH,deseq2_pseudobulk,True
Ppic,2904.0158024254147,-0.6269213026020197,0.1883788026394321,-3.327982202976326,0.0008747745460996444,0.047384846421498386,3,3,TH_vs_SH,CP,vWAT,rescue_TH_vs_SH,deseq2_pseudobulk,True
Fbn2,67.30284922571275,-2.703760400057029,0.5016324346688992,-5.389923404457762,7.048772025595098e-08,2.6727284986462357e-05,3,3,TH_vs_SH,CP,vWAT,rescue_TH_vs_SH,deseq2_pseudobulk,True
Iigp1,1674.4365606712379,0.9099366847042055,0.239901018431786,3.7929671605914375,0.00014885784886051976,0.013420107604963783,3,3,TH_vs_SH,CP,vWAT,rescue_TH_vs_SH,deseq2_pseudobulk,True
Arsi,205.6894136780572,-1.176458580062624,0.3238243760509637,-3.633014272765779,0.00028012951663565163,0.020996684467830352,3,3,TH_vs_SH,CP,vWAT,rescue_TH_vs_SH,deseq2_pseudobulk,True
Ccbe1,584.4878677077025,1.0144268003718082,0.2223357996383971,4.562588670028189,5.05267433407795e-06,0.000824545284999151,3,3,TH_vs_SH,CP,vWAT,rescue_TH_vs_SH,deseq2_pseudobulk,True
Psat1,406.0463698110497,1.2271836370871982,0.25207151007226075,4.8683948326227116,1.1250837015902188e-06,0.0002704647289571496,3,3,TH_vs_SH,CP,vWAT,rescue_TH_vs_SH,deseq2_pseudobulk,True
Prune2,7.731061215120164,-3.974651917264315,1.1442092819339056,-3.4737106052369082,0.000513314344830312,0.03295504254525029,3,3,TH_vs_SH,CP,vWAT,rescue_TH_vs_SH,deseq2_pseudobulk,True
Gda,483.27530326967644,-0.6947635099800643,0.19639995229324897,-3.5374932726190176,0.0004039444761926869,0.027265194696733608,3,3,TH_vs_SH,CP,vWAT,rescue_TH_vs_SH,deseq2_pseudobulk,True
Vldlr,1301.3562972918744,0.8592604464115727,0.23431051005014106,3.667186957288839,0.00024523349572228205,0.01904548329428711,3,3,TH_vs_SH,CP,vWAT,rescue_TH_vs_SH,deseq2_pseudobulk,True
Il33,133.0024092430037,-2.4312949817604963,0.3986065781276086,-6.099485345126817,1.0641051493635324e-09,7.220233466102452e-07,3,3,TH_vs_SH,CP,vWAT,rescue_TH_vs_SH,deseq2_pseudobulk,True
Pten,2947.489490569899,0.613022328155695,0.17650594226341554,3.4730973943122385,0.000514488618861156,0.03295504254525029,3,3,TH_vs_SH,CP,vWAT,rescue_TH_vs_SH,deseq2_pseudobulk,True
Plce1,964.3401589119994,0.6995467665873526,0.19593070388377906,3.5703784691260294,0.0003564658125468224,0.02461659745129871,3,3,TH_vs_SH,CP,vWAT,rescue_TH_vs_SH,deseq2_pseudobulk,True
Grk5,245.28124023150872,-0.9030283809561761,0.2311327917210323,-3.906967826729207,9.346159264993015e-05,0.009340363197231779,3,3,TH_vs_SH,CP,vWAT,rescue_TH_vs_SH,deseq2_pseudobulk,True
Clcn5,479.2005770487879,-0.6473396790087458,0.19374641368698495,-3.3411698657533977,0.0008342616500617231,0.04576723911742866,3,3,TH_vs_SH,CP,vWAT,rescue_TH_vs_SH,deseq2_pseudobulk,True
Maob,340.47379134591375,1.1862477427148876,0.25541719718676276,4.644353456934598,3.411430891005787e-06,0.0006282881006692372,3,3,TH_vs_SH,CP,vWAT,rescue_TH_vs_SH,deseq2_pseudobulk,True
Klhl13,488.8664822923559,-1.001173723888541,0.2005275143646982,-4.992700014561156,5.954100060051264e-07,0.000166870126030828,3,3,TH_vs_SH,CP,vWAT,rescue_TH_vs_SH,deseq2_pseudobulk,True
Apln,24.70661712043355,2.4980737934521446,0.5738498816871365,4.353183425093214,1.3417479667557163e-05,0.0018923680933611757,3,3,TH_vs_SH,CP,vWAT,rescue_TH_vs_SH,deseq2_pseudobulk,True
Map7d2,92.94478217309624,1.6168593131216455,0.4468941856482891,3.617991383745889,0.00029689827806059097,0.02174779886793829,3,3,TH_vs_SH,CP,vWAT,rescue_TH_vs_SH,deseq2_pseudobulk,True
Col3a1,5095.992760412135,-1.2384785773782916,0.280138507837887,-4.420950860832689,9.826752082810997e-06,0.0091704103783538,3,2,TH_vs_SH,Fibroblast,vWAT,rescue_TH_vs_SH,deseq2_pseudobulk,True
Tm4sf1,1152.1112252040045,-1.3848002116038134,0.3254855122710536,-4.254567897481708,2.0945309762388496e-05,0.016490940552920545,3,2,TH_vs_SH,Fibroblast,vWAT,rescue_TH_vs_SH,deseq2_pseudobulk,True
Sfrp2,386.4699008745326,-1.6567592178381167,0.3283149158160563,-5.046250225092858,4.5056524682976687e-07,0.0006081343502925197,3,2,TH_vs_SH,Fibroblast,vWAT,rescue_TH_vs_SH,deseq2_pseudobulk,True
Ciart,21.33899598230484,3.532244809744546,0.8858994712814307,3.987184691097338,6.68619760535175e-05,0.03324799735545439,3,2,TH_vs_SH,Fibroblast,vWAT,rescue_TH_vs_SH,deseq2_pseudobulk,True
Spon2,20.401387238466302,-3.510346628902327,0.8951473116192069,-3.921529544173639,8.798865751998839e-05,0.0401503155459862,3,2,TH_vs_SH,Fibroblast,vWAT,rescue_TH_vs_SH,deseq2_pseudobulk,True
Plac8,12.018410871811847,-7.671906868805199,1.9099866570892836,-4.016733227077498,5.901046068696264e-05,0.032629385924077284,3,2,TH_vs_SH,Fibroblast,vWAT,rescue_TH_vs_SH,deseq2_pseudobulk,True
Eln,533.2879422284523,-1.6338965169679818,0.3710877794372935,-4.402991980618639,1.0676811405788717e-05,0.0091704103783538,3,2,TH_vs_SH,Fibroblast,vWAT,rescue_TH_vs_SH,deseq2_pseudobulk,True
Rasl11a,161.8641481718298,-1.607275144982095,0.3536954114310208,-4.544235217751907,5.513506393178052e-06,0.00651145105034328,3,2,TH_vs_SH,Fibroblast,vWAT,rescue_TH_vs_SH,deseq2_pseudobulk,True
Prr15,45.97559077271957,-2.0682527068309353,0.527868477518189,-3.9181212648934296,8.924181059120556e-05,0.0401503155459862,3,2,TH_vs_SH,Fibroblast,vWAT,rescue_TH_vs_SH,deseq2_pseudobulk,True
Dbp,296.7088267386302,5.093271715002156,0.9202560627830371,5.534624460499712,3.118958913460906e-08,7.665800776657853e-05,3,2,TH_vs_SH,Fibroblast,vWAT,rescue_TH_vs_SH,deseq2_pseudobulk,True
Folr1,76.98006157025209,-1.6270032775698815,0.40602488078160054,-4.007151666267076,6.145540189097457e-05,0.032629385924077284,3,2,TH_vs_SH,Fibroblast,vWAT,rescue_TH_vs_SH,deseq2_pseudobulk,True
Mmp2,81.51945902098502,-3.18528293393377,0.5803706807086498,-5.488359491290023,4.056837836927314e-08,7.665800776657853e-05,3,2,TH_vs_SH,Fibroblast,vWAT,rescue_TH_vs_SH,deseq2_pseudobulk,True
Clec3b,614.2127564735645,-1.5569866738988647,0.38881501052376644,-4.004440753975709,6.216436776390677e-05,0.032629385924077284,3,2,TH_vs_SH,Fibroblast,vWAT,rescue_TH_vs_SH,deseq2_pseudobulk,True
Irf1,294.0510631668441,1.3243327277360866,0.3440091081739737,3.8497025115577452,0.00011826137176584921,0.04857971480190189,3,2,TH_vs_SH,Fibroblast,vWAT,rescue_TH_vs_SH,deseq2_pseudobulk,True
Sparc,6195.848601696584,-1.662496317005653,0.3271011735306021,-5.082514070681308,3.724717092978548e-07,0.0005865187849076887,3,2,TH_vs_SH,Fibroblast,vWAT,rescue_TH_vs_SH,deseq2_pseudobulk,True
Hlf,123.8608630391346,2.868242646556735,0.43599727227300833,6.578579337443029,4.749644204713893e-11,2.243731922306843e-07,3,2,TH_vs_SH,Fibroblast,vWAT,rescue_TH_vs_SH,deseq2_pseudobulk,True
Nfil3,13.813753571918738,-3.9169233417607185,0.9265700075262182,-4.2273366393741005,2.3647374245590504e-05,0.01718618399017993,3,2,TH_vs_SH,Fibroblast,vWAT,rescue_TH_vs_SH,deseq2_pseudobulk,True
Loxl2,167.04678973324454,-1.448535397692479,0.35063146168150344,-4.131219117491112,3.6084441596315696e-05,0.02293678850037577,3,2,TH_vs_SH,Fibroblast,vWAT,rescue_TH_vs_SH,deseq2_pseudobulk,True
Tef,120.10015218638641,2.3709000336180326,0.4304621733767664,5.507801103682293,3.6334359035665704e-08,7.665800776657853e-05,3,2,TH_vs_SH,Fibroblast,vWAT,rescue_TH_vs_SH,deseq2_pseudobulk,True
Lox,316.36966955311425,-1.5373841204488194,0.3410984537615718,-4.5071565218042675,6.570216734566423e-06,0.006897267523131507,3,2,TH_vs_SH,Fibroblast,vWAT,rescue_TH_vs_SH,deseq2_pseudobulk,True
Il33,371.38519051626224,1.3024904710839373,0.31544014799902165,4.129120783597835,3.64153077376838e-05,0.02293678850037577,3,2,TH_vs_SH,Fibroblast,vWAT,rescue_TH_vs_SH,deseq2_pseudobulk,True
Timp1,344.21153742775505,-2.164130553824822,0.32083741644641883,-6.745256141863494,1.5275729607907473e-11,1.4432509333550981e-07,3,2,TH_vs_SH,Fibroblast,vWAT,rescue_TH_vs_SH,deseq2_pseudobulk,True
Tsc22d3,73.29511318791047,2.2032729409534464,0.5690185818042846,3.8720579808960753,0.00010792027069396716,0.04634685079620916,3,2,TH_vs_SH,Fibroblast,vWAT,rescue_TH_vs_SH,deseq2_pseudobulk,True
Cd9,31.998538400094652,2.799929500566309,0.6460362075395942,4.3340132764845185,1.4641533888125108e-05,0.03208204100453013,3,2,TH_vs_SH,M2,vWAT,rescue_TH_vs_SH,deseq2_pseudobulk,True
Ccr2,378.72666257097217,-1.4426143618102356,0.23268602528790405,-6.199832413765626,5.652331468427091e-10,7.431120181541097e-06,3,2,TH_vs_SH,M2,vWAT,rescue_TH_vs_SH,deseq2_pseudobulk,True
Ccl3,241.7344083416969,1.5400821937180245,0.33155928819570885,4.644967728393009,3.4012961909519616e-06,0.01117921025561136,3,2,TH_vs_SH,M2,vWAT,rescue_TH_vs_SH,deseq2_pseudobulk,True
Ccl4,468.65061574392547,1.5968839389666278,0.27926626188543374,5.718141275589294,1.0769558816531393e-08,7.079369488046911e-05,3,2,TH_vs_SH,M2,vWAT,rescue_TH_vs_SH,deseq2_pseudobulk,True
Ear2,120.5041606240787,-3.381605214510996,0.7558962797605291,-4.4736365359309636,7.690041535090272e-06,0.020220195212366364,3,2,TH_vs_SH,M2,vWAT,rescue_TH_vs_SH,deseq2_pseudobulk,True
Fkbp5,61.88689962468548,2.3872427983812083,0.4910922638275544,4.861088178777504,1.1674223390297233e-06,0.005116033830407924,3,2,TH_vs_SH,M2,vWAT,rescue_TH_vs_SH,deseq2_pseudobulk,True
Prex2,53.188598526535536,3.2382656550793416,0.7536538510045742,4.296754605264649,1.7331687758296962e-05,0.0027155199499249638,3,3,TH_vs_SH,WAT_IPC,vWAT,rescue_TH_vs_SH,deseq2_pseudobulk,True
Npas2,52.466243609267565,-2.4939464984164013,0.4290866500966387,-5.812221139610649,6.1649325894178025e-09,3.0136656470109984e-06,3,3,TH_vs_SH,WAT_IPC,vWAT,rescue_TH_vs_SH,deseq2_pseudobulk,True
Col3a1,42980.48057582377,-1.0788332294810707,0.23956180263570223,-4.503360792962621,6.688718688621137e-06,0.001220042255128939,3,3,TH_vs_SH,WAT_IPC,vWAT,rescue_TH_vs_SH,deseq2_pseudobulk,True
Col5a2,4960.011307011563,-0.575325785727798,0.1661870268243571,-3.461917555910422,0.0005363414241805495,0.04071197853981674,3,3,TH_vs_SH,WAT_IPC,vWAT,rescue_TH_vs_SH,deseq2_pseudobulk,True
Aox3,139.91583994546582,2.0288070060023706,0.5219381254591904,3.887064207500589,0.00010146392265491762,0.012038743677337363,3,3,TH_vs_SH,WAT_IPC,vWAT,rescue_TH_vs_SH,deseq2_pseudobulk,True
Col4a4,25.642572662988048,2.825331824060551,0.6568595700497015,4.301272224513332,1.6982027832865378e-05,0.002695290417473348,3,3,TH_vs_SH,WAT_IPC,vWAT,rescue_TH_vs_SH,deseq2_pseudobulk,True
Pid1,250.85526724929005,1.0940896512980496,0.22327937251820634,4.900092825228792,9.579138619624458e-07,0.0002389115368784296,3,3,TH_vs_SH,WAT_IPC,vWAT,rescue_TH_vs_SH,deseq2_pseudobulk,True
Ramp1,234.72750273823144,2.6923758880560706,0.5044975073691843,5.336747652324528,9.462859379668204e-08,3.0433053810243453e-05,3,3,TH_vs_SH,WAT_IPC,vWAT,rescue_TH_vs_SH,deseq2_pseudobulk,True
Per2,160.19093603663342,1.6424517952054312,0.31232367180259385,5.25881303112866,1.4498821064558815e-07,4.4297523057493314e-05,3,3,TH_vs_SH,WAT_IPC,vWAT,rescue_TH_vs_SH,deseq2_pseudobulk,True
Gli2,40.21907683555214,1.785950106488514,0.5020226797171262,3.5575088111454245,0.00037438854705118356,0.030502682890083427,3,3,TH_vs_SH,WAT_IPC,vWAT,rescue_TH_vs_SH,deseq2_pseudobulk,True
Slc41a1,310.4615280954785,1.1910455747011022,0.22741023308475503,5.237431748540549,1.6282648372578122e-07,4.853420628323835e-05,3,3,TH_vs_SH,WAT_IPC,vWAT,rescue_TH_vs_SH,deseq2_pseudobulk,True
Plekha6,15.383243147021306,3.1261484872393464,0.8065392122162649,3.8760031005177007,0.00010618633122128479,0.012242482583540769,3,3,TH_vs_SH,WAT_IPC,vWAT,rescue_TH_vs_SH,deseq2_pseudobulk,True
Cfh,1192.3524689283652,1.012771431804309,0.29293420842932255,3.4573341134675455,0.0005455480038572114,0.04115519848851222,3,3,TH_vs_SH,WAT_IPC,vWAT,rescue_TH_vs_SH,deseq2_pseudobulk,True
Fmo1,463.6937639035098,1.1737769492536212,0.3151372969354948,3.724652590054679,0.00019558438144820392,0.019592104308840164,3,3,TH_vs_SH,WAT_IPC,vWAT,rescue_TH_vs_SH,deseq2_pseudobulk,True
Igsf8,958.6011719939146,0.7456371179411018,0.212526785467525,3.508438318966803,0.00045074574225103246,0.035311305872114535,3,3,TH_vs_SH,WAT_IPC,vWAT,rescue_TH_vs_SH,deseq2_pseudobulk,True
Atp1a2,166.6252633492497,3.1439261870534168,0.5646455874015046,5.567963793929117,2.577333588395432e-08,1.0499197927926858e-05,3,3,TH_vs_SH,WAT_IPC,vWAT,rescue_TH_vs_SH,deseq2_pseudobulk,True
Pld5,90.18013797414825,1.9703715583261165,0.34533027462992927,5.705759683067612,1.158253210182423e-08,4.881038786772204e-06,3,3,TH_vs_SH,WAT_IPC,vWAT,rescue_TH_vs_SH,deseq2_pseudobulk,True
Ephx1,748.2313093256744,0.8885761711637218,0.21687859565357157,4.097113265077935,4.183342439501663e-05,0.005618090983862618,3,3,TH_vs_SH,WAT_IPC,vWAT,rescue_TH_vs_SH,deseq2_pseudobulk,True
Gm10115,1079.9625477856246,0.6280538058099371,0.18066629567311898,3.4763197168014117,0.0005083458762996934,0.039072295309802225,3,3,TH_vs_SH,WAT_IPC,vWAT,rescue_TH_vs_SH,deseq2_pseudobulk,True
Il2ra,45.31256480794218,3.3139799116998208,0.70341516692531,4.711271618133457,2.4617586954921465e-06,0.0005470027821383549,3,3,TH_vs_SH,WAT_IPC,vWAT,rescue_TH_vs_SH,deseq2_pseudobulk,True
Fam102a,25.19778222892396,3.17903058907807,0.6319948117962354,5.0301529850264615,4.900886339474758e-07,0.00013928774873190935,3,3,TH_vs_SH,WAT_IPC,vWAT,rescue_TH_vs_SH,deseq2_pseudobulk,True
Creb3l1,509.4160188418743,-0.8944052517604539,0.19761515701379434,-4.525995198323885,6.011194460816945e-06,0.0011475277047278893,3,3,TH_vs_SH,WAT_IPC,vWAT,rescue_TH_vs_SH,deseq2_pseudobulk,True
Chst1,1247.1928972353426,0.5617653982376328,0.16444647969583004,3.416098655785806,0.0006352522800766995,0.0473379153342521,3,3,TH_vs_SH,WAT_IPC,vWAT,rescue_TH_vs_SH,deseq2_pseudobulk,True
Fibin,124.19786518064443,-1.5160633889757258,0.27299619843618844,-5.553423079369724,2.801289641009865e-08,1.0698300219619237e-05,3,3,TH_vs_SH,WAT_IPC,vWAT,rescue_TH_vs_SH,deseq2_pseudobulk,True
Dut,220.32329784438855,-0.9818330262121183,0.27413253823980743,-3.581599734626263,0.00034149672230096556,0.029390362276338733,3,3,TH_vs_SH,WAT_IPC,vWAT,rescue_TH_vs_SH,deseq2_pseudobulk,True
Fgf7,46.02699321690576,1.8809580385979345,0.4620545200531856,4.070857349001637,4.6840427600604534e-05,0.006222139844641174,3,3,TH_vs_SH,WAT_IPC,vWAT,rescue_TH_vs_SH,deseq2_pseudobulk,True
Bmp2,1024.6056142844743,0.8516498471241262,0.19464563176676913,4.375386384959316,1.2121756688621333e-05,0.0019492103748900173,3,3,TH_vs_SH,WAT_IPC,vWAT,rescue_TH_vs_SH,deseq2_pseudobulk,True
Prex1,30.46818632382642,3.2370618641900744,0.8022009350739336,4.035225742901603,5.4549824892056465e-05,0.007017404315850759,3,3,TH_vs_SH,WAT_IPC,vWAT,rescue_TH_vs_SH,deseq2_pseudobulk,True
Rbm38,27.535200081615102,2.6648273036685226,0.7577611741400783,3.5167113262204532,0.00043692869144943135,0.0349000361974085,3,3,TH_vs_SH,WAT_IPC,vWAT,rescue_TH_vs_SH,deseq2_pseudobulk,True
Tnik,20.317332109991394,3.8952334499156547,0.8778959263546952,4.437010507714634,9.121684248385203e-06,0.0015925157599930794,3,3,TH_vs_SH,WAT_IPC,vWAT,rescue_TH_vs_SH,deseq2_pseudobulk,True
Anxa5,5094.351512745226,-0.7488202154110496,0.1985373819292366,-3.7716837410394923,0.00016214969116203762,0.016895977380396412,3,3,TH_vs_SH,WAT_IPC,vWAT,rescue_TH_vs_SH,deseq2_pseudobulk,True
Postn,9183.119132507321,-1.365175646831952,0.25712918897445564,-5.309298614742548,1.1004790389047504e-07,3.448449829347424e-05,3,3,TH_vs_SH,WAT_IPC,vWAT,rescue_TH_vs_SH,deseq2_pseudobulk,True
Tm4sf1,611.6250668382022,-1.7003778626066657,0.29412841243300103,-5.781073132450241,7.4225612709444435e-09,3.488889280469694e-06,3,3,TH_vs_SH,WAT_IPC,vWAT,rescue_TH_vs_SH,deseq2_pseudobulk,True
Ciart,16.492688762073428,3.291000900527581,0.8876078644315495,3.7077194022331423,0.00020913420136800065,0.020446632599346686,3,3,TH_vs_SH,WAT_IPC,vWAT,rescue_TH_vs_SH,deseq2_pseudobulk,True
Arhgap29,1101.5722479845106,-1.3236841155738057,0.23030200481764942,-5.747601357712384,9.051833948865684e-09,3.950802238895983e-06,3,3,TH_vs_SH,WAT_IPC,vWAT,rescue_TH_vs_SH,deseq2_pseudobulk,True
Abca4,47.60314008932833,-1.985336640985293,0.4405547437731573,-4.506447085285609,6.592211491468896e-06,0.001220042255128939,3,3,TH_vs_SH,WAT_IPC,vWAT,rescue_TH_vs_SH,deseq2_pseudobulk,True
Ddah1,44.993703245041985,-2.5769801615581747,0.5648066016667181,-4.56258859927208,5.052676037425193e-06,0.0010122746533339881,3,3,TH_vs_SH,WAT_IPC,vWAT,rescue_TH_vs_SH,deseq2_pseudobulk,True
Ptgfr,19.422331199618537,5.723996550902344,1.2069634401646134,4.742477162457935,2.1112063513057146e-06,0.00048681231734541767,3,3,TH_vs_SH,WAT_IPC,vWAT,rescue_TH_vs_SH,deseq2_pseudobulk,True
Col27a1,146.79516408115447,1.0238168459732349,0.2715575305785461,3.770165547580361,0.00016313929554756374,0.016895977380396412,3,3,TH_vs_SH,WAT_IPC,vWAT,rescue_TH_vs_SH,deseq2_pseudobulk,True
Fyb2,125.64207760756932,1.7495821560821216,0.3426073777898145,5.106668068179983,3.2788897980841027e-07,9.540788624377576e-05,3,3,TH_vs_SH,WAT_IPC,vWAT,rescue_TH_vs_SH,deseq2_pseudobulk,True
Zc3h12a,431.7667520393865,1.0501839070824164,0.25889494669732405,4.056409445141446,4.983287026164479e-05,0.006548467822231839,3,3,TH_vs_SH,WAT_IPC,vWAT,rescue_TH_vs_SH,deseq2_pseudobulk,True
Azin2,95.11614939856175,-1.0422023044389328,0.29688385916068083,-3.510471426049697,0.0004473128802020232,0.03526845618676726,3,3,TH_vs_SH,WAT_IPC,vWAT,rescue_TH_vs_SH,deseq2_pseudobulk,True
Tcea3,183.90780297095384,-0.944484978076475,0.25185609575179746,-3.750097750293322,0.00017676565037152533,0.018002108443253426,3,3,TH_vs_SH,WAT_IPC,vWAT,rescue_TH_vs_SH,deseq2_pseudobulk,True
Ctnnbip1,216.69901970592386,-1.0688182062040796,0.2991031064812087,-3.573410583320802,0.00035236160241744545,0.02949459687084658,3,3,TH_vs_SH,WAT_IPC,vWAT,rescue_TH_vs_SH,deseq2_pseudobulk,True
Per3,280.1192854429266,1.7281910681444834,0.24257024466288776,7.124497361769325,1.0446119098260583e-12,2.1277003583307098e-09,3,3,TH_vs_SH,WAT_IPC,vWAT,rescue_TH_vs_SH,deseq2_pseudobulk,True
Cdk6,130.6764789249704,-2.963182987841996,0.5529235890281142,-5.3591184146265975,8.362902977295943e-08,2.838973257931492e-05,3,3,TH_vs_SH,WAT_IPC,vWAT,rescue_TH_vs_SH,deseq2_pseudobulk,True
Spon2,97.31760735749386,-1.8735356658593145,0.2904153294449751,-6.451228554084617,1.1094702922164295e-10,1.0429874185520758e-07,3,3,TH_vs_SH,WAT_IPC,vWAT,rescue_TH_vs_SH,deseq2_pseudobulk,True
Lgi2,2023.3637195587037,1.0264609636718167,0.188839763679305,5.435618768380756,5.4606597197318775e-08,1.9067063552812365e-05,3,3,TH_vs_SH,WAT_IPC,vWAT,rescue_TH_vs_SH,deseq2_pseudobulk,True
Cxcl1,21366.722980451515,0.9833001503542335,0.27180472719128684,3.6176712617003917,0.0002972656278700505,0.026742377229222226,3,3,TH_vs_SH,WAT_IPC,vWAT,rescue_TH_vs_SH,deseq2_pseudobulk,True
Cxcl2,2094.2447246482902,1.1632475226812047,0.33130116573938495,3.511148293381686,0.0004461754275832343,0.03526845618676726,3,3,TH_vs_SH,WAT_IPC,vWAT,rescue_TH_vs_SH,deseq2_pseudobulk,True
Cxcl10,563.8689129201192,2.0318658715663416,0.35195719591978797,5.773048243143207,7.785014025124585e-09,3.5237280148536127e-06,3,3,TH_vs_SH,WAT_IPC,vWAT,rescue_TH_vs_SH,deseq2_pseudobulk,True
Anxa3,8656.917182538862,-0.9986331672492303,0.20595076702086737,-4.848892682919927,1.2415256137184402e-06,0.00030345369050506114,3,3,TH_vs_SH,WAT_IPC,vWAT,rescue_TH_vs_SH,deseq2_pseudobulk,True
Bmp3,53.77231225610624,-2.164834542865022,0.4775608668156751,-4.533107072402954,5.812233349663459e-06,0.0011274810121624942,3,3,TH_vs_SH,WAT_IPC,vWAT,rescue_TH_vs_SH,deseq2_pseudobulk,True
Pitpnm2,199.356831891118,1.4248248843015887,0.2617850259141319,5.4427287402181115,5.2470517715729124e-08,1.886006461776252e-05,3,3,TH_vs_SH,WAT_IPC,vWAT,rescue_TH_vs_SH,deseq2_pseudobulk,True
Por,396.9972413380853,1.4307828766483277,0.372475157981775,3.841284031936259,0.00012239239293762827,0.01372254526688766,3,3,TH_vs_SH,WAT_IPC,vWAT,rescue_TH_vs_SH,deseq2_pseudobulk,True
Fscn1,440.8162716024872,-1.5756114928907718,0.3992661126710665,-3.946269024310691,7.937842258861472e-05,0.009798825277327883,3,3,TH_vs_SH,WAT_IPC,vWAT,rescue_TH_vs_SH,deseq2_pseudobulk,True
Gng11,761.2758277072326,-0.9025112676963895,0.1914514352049939,-4.714048065140062,2.4284334017267134e-06,0.0005470027821383549,3,3,TH_vs_SH,WAT_IPC,vWAT,rescue_TH_vs_SH,deseq2_pseudobulk,True
Wnt2,215.6322643819725,-1.7297359063985813,0.3824500177919918,-4.522776378426935,6.103371312275003e-06,0.0011475277047278893,3,3,TH_vs_SH,WAT_IPC,vWAT,rescue_TH_vs_SH,deseq2_pseudobulk,True
Gprin3,12.581056004048056,-4.501354334651211,1.0178570283447201,-4.422383703506467,9.76178957049337e-06,0.001634230552616431,3,3,TH_vs_SH,WAT_IPC,vWAT,rescue_TH_vs_SH,deseq2_pseudobulk,True
Slc6a6,1635.4749524391827,0.7919860092531268,0.17644909870927386,4.488467297631492,7.1737433722287936e-06,0.0012892693787060012,3,3,TH_vs_SH,WAT_IPC,vWAT,rescue_TH_vs_SH,deseq2_pseudobulk,True
Pde3a,688.6247124607695,-1.214350448384009,0.18730091775754915,-6.48341963788944,8.966664776114704e-11,1.0047005691714377e-07,3,3,TH_vs_SH,WAT_IPC,vWAT,rescue_TH_vs_SH,deseq2_pseudobulk,True
Slco1c1,21.5149131152012,-2.137379903212297,0.5535500660486959,-3.8612223795205383,0.0001128211574973948,0.012885863231548242,3,3,TH_vs_SH,WAT_IPC,vWAT,rescue_TH_vs_SH,deseq2_pseudobulk,True
Bhlhe41,201.58544709687544,1.428153619898539,0.3134336886743851,4.556477722412909,5.201855339025668e-06,0.0010253528080360111,3,3,TH_vs_SH,WAT_IPC,vWAT,rescue_TH_vs_SH,deseq2_pseudobulk,True
Pthlh,154.77306598958126,1.0950562220469129,0.28754966358591316,3.808233361816247,0.0001399631575276881,0.014873823896920664,3,3,TH_vs_SH,WAT_IPC,vWAT,rescue_TH_vs_SH,deseq2_pseudobulk,True
Tmtc1,495.98314772085064,1.294801400438579,0.2679770026278856,4.831763127959706,1.3532920846971675e-06,0.0003242859326879232,3,3,TH_vs_SH,WAT_IPC,vWAT,rescue_TH_vs_SH,deseq2_pseudobulk,True
Cox6b2,45.68342402229316,-1.8606264481588897,0.41571415724666605,-4.475735107223875,7.614885015140762e-06,0.0013487175328990616,3,3,TH_vs_SH,WAT_IPC,vWAT,rescue_TH_vs_SH,deseq2_pseudobulk,True
Nectin2,16.855701754848962,-3.024224871612644,0.7656693216216299,-3.949779344962606,7.822327129957317e-05,0.009754761209715138,3,3,TH_vs_SH,WAT_IPC,vWAT,rescue_TH_vs_SH,deseq2_pseudobulk,True
Cyp2s1,136.65678930547844,0.967273629598108,0.2492090625773422,3.8813742148639316,0.00010386787079384338,0.01220547354780346,3,3,TH_vs_SH,WAT_IPC,vWAT,rescue_TH_vs_SH,deseq2_pseudobulk,True
Itpkc,309.00774830475,1.6944206688435344,0.43363187739978654,3.907509473251582,9.325238636327172e-05,0.011283538749955878,3,3,TH_vs_SH,WAT_IPC,vWAT,rescue_TH_vs_SH,deseq2_pseudobulk,True
Zfp36,8496.408451291187,0.9627907132147341,0.24514549680774841,3.9274256543647135,8.585994910652499e-05,0.010492944380308417,3,3,TH_vs_SH,WAT_IPC,vWAT,rescue_TH_vs_SH,deseq2_pseudobulk,True
Dbp,978.153176739287,4.084463871488166,0.43371689312939643,9.417350202842096,4.626151045292181e-21,2.826809596225787e-17,3,3,TH_vs_SH,WAT_IPC,vWAT,rescue_TH_vs_SH,deseq2_pseudobulk,True
Cpeb1,234.70820688725928,0.9122789614453136,0.25000804219981193,3.6489984618822793,0.0002632646801413388,0.024826092415459983,3,3,TH_vs_SH,WAT_IPC,vWAT,rescue_TH_vs_SH,deseq2_pseudobulk,True
Arnt2,103.71661696416466,-1.5410496235551463,0.3287185628909255,-4.688051718169908,2.758183221582651e-06,0.0006019242348385996,3,3,TH_vs_SH,WAT_IPC,vWAT,rescue_TH_vs_SH,deseq2_pseudobulk,True
Sytl2,428.407066214376,-1.1291404019025129,0.2551587787613673,-4.42524614431754,9.633237891334574e-06,0.001634230552616431,3,3,TH_vs_SH,WAT_IPC,vWAT,rescue_TH_vs_SH,deseq2_pseudobulk,True
Dgat2,40.41223839994718,3.722329410336328,0.599128827782258,6.212903198323714,5.20144953211836e-10,3.345627091158867e-07,3,3,TH_vs_SH,WAT_IPC,vWAT,rescue_TH_vs_SH,deseq2_pseudobulk,True
P2ry6,28.494381998241067,2.8706263652268142,0.6879374754178208,4.172801261456692,3.0087737301907616e-05,0.004377407590078726,3,3,TH_vs_SH,WAT_IPC,vWAT,rescue_TH_vs_SH,deseq2_pseudobulk,True
Lmo1,151.16058161100418,1.3004973879121813,0.3618058268789337,3.594462253775005,0.00032506226542315566,0.028652134435151036,3,3,TH_vs_SH,WAT_IPC,vWAT,rescue_TH_vs_SH,deseq2_pseudobulk,True
Adm,1021.2810486082499,-1.288401580296576,0.21056470662245816,-6.118791705234229,9.428755420554972e-10,5.487086666409634e-07,3,3,TH_vs_SH,WAT_IPC,vWAT,rescue_TH_vs_SH,deseq2_pseudobulk,True
Arntl,223.44088464627575,-2.9477892234912333,0.3570900389017799,-8.2550306711357,1.518632359810999e-16,6.186402023083406e-13,3,3,TH_vs_SH,WAT_IPC,vWAT,rescue_TH_vs_SH,deseq2_pseudobulk,True
Rras2,1334.9699893138968,-1.6015582072336847,0.3509249807970606,-4.563819320004077,5.023131312142506e-06,0.0010122746533339881,3,3,TH_vs_SH,WAT_IPC,vWAT,rescue_TH_vs_SH,deseq2_pseudobulk,True
Fgfr2,18.633954068053942,2.611813757974661,0.7025648182531748,3.7175413429732442,0.0002011710732437061,0.019826707146059133,3,3,TH_vs_SH,WAT_IPC,vWAT,rescue_TH_vs_SH,deseq2_pseudobulk,True
Tspan4,469.5566822437217,1.5118035905949654,0.2326072714262058,6.49938233368849,8.06504535840611e-11,1.0047005691714377e-07,3,3,TH_vs_SH,WAT_IPC,vWAT,rescue_TH_vs_SH,deseq2_pseudobulk,True
Sfrp1,330.07915380796385,2.5592875592018807,0.39552367034915037,6.470630586894225,9.759476681341552e-11,1.0047005691714377e-07,3,3,TH_vs_SH,WAT_IPC,vWAT,rescue_TH_vs_SH,deseq2_pseudobulk,True
Hpgd,1693.8044267212579,-1.7794775917784293,0.27507766613341883,-6.469000616412613,9.865319392895224e-11,1.0047005691714377e-07,3,3,TH_vs_SH,WAT_IPC,vWAT,rescue_TH_vs_SH,deseq2_pseudobulk,True
Palld,375.8015058448043,-0.7393293572126056,0.2026560213458502,-3.6481983229645842,0.00026408575517631927,0.024826092415459983,3,3,TH_vs_SH,WAT_IPC,vWAT,rescue_TH_vs_SH,deseq2_pseudobulk,True
Il34,366.0323206812339,-1.0729541670281613,0.31549444684477057,-3.4008654597843866,0.0006717287943277945,0.049452997563132386,3,3,TH_vs_SH,WAT_IPC,vWAT,rescue_TH_vs_SH,deseq2_pseudobulk,True
Cdh13,235.26818914717077,1.2170324294975028,0.32102839134651606,3.791042980319599,0.00015001598832484311,0.015804701666533687,3,3,TH_vs_SH,WAT_IPC,vWAT,rescue_TH_vs_SH,deseq2_pseudobulk,True
Birc3,363.0909500841364,1.2929276198585666,0.33695456611910285,3.837097786653995,0.00012449690735066667,0.013831606406659066,3,3,TH_vs_SH,WAT_IPC,vWAT,rescue_TH_vs_SH,deseq2_pseudobulk,True
Col5a3,3445.2729903185113,-1.1845445562342465,0.2415579763509712,-4.903769166012405,9.401496417093901e-07,0.0002389115368784296,3,3,TH_vs_SH,WAT_IPC,vWAT,rescue_TH_vs_SH,deseq2_pseudobulk,True
Anln,48.18062152897412,-1.5799536797058136,0.3794635351823802,-4.163650873453351,3.131989031797985e-05,0.004450702088093393,3,3,TH_vs_SH,WAT_IPC,vWAT,rescue_TH_vs_SH,deseq2_pseudobulk,True
Adamts15,257.2534971595772,-1.2896837744631098,0.3521030801101755,-3.662801739932405,0.00024947162215604166,0.024196767415626867,3,3,TH_vs_SH,WAT_IPC,vWAT,rescue_TH_vs_SH,deseq2_pseudobulk,True
Arhgap20,1157.5752024736112,-0.6646260023480097,0.1856837669784208,-3.579343596714349,0.0003444583298795767,0.029437938807400747,3,3,TH_vs_SH,WAT_IPC,vWAT,rescue_TH_vs_SH,deseq2_pseudobulk,True
Ccnb2,10.582060207467586,-4.372511117595461,1.142761363668185,-3.8262678951272924,0.00013010070284781298,0.014196077584849308,3,3,TH_vs_SH,WAT_IPC,vWAT,rescue_TH_vs_SH,deseq2_pseudobulk,True
Col12a1,502.4903088328427,-1.2921946097926182,0.21266053340344002,-6.076325442771204,1.2296772406383518e-09,6.830857071746044e-07,3,3,TH_vs_SH,WAT_IPC,vWAT,rescue_TH_vs_SH,deseq2_pseudobulk,True
Nt5e,58.689675071438614,2.862531449045179,0.41895843131935845,6.832495147622805,8.345022974567489e-12,1.4569217967455612e-08,3,3,TH_vs_SH,WAT_IPC,vWAT,rescue_TH_vs_SH,deseq2_pseudobulk,True
Rasgrf1,56.037486006134976,1.811140010129348,0.43736788945864613,4.1409990394381575,3.4579640892898703e-05,0.004857445877610518,3,3,TH_vs_SH,WAT_IPC,vWAT,rescue_TH_vs_SH,deseq2_pseudobulk,True
Mras,107.28586561249898,-1.487415222209413,0.3016538605262297,-4.930867516877272,8.186524259603721e-07,0.00021749459342742841,3,3,TH_vs_SH,WAT_IPC,vWAT,rescue_TH_vs_SH,deseq2_pseudobulk,True
Amotl2,1216.951948322225,-1.1228547695896376,0.24528965615577358,-4.577668651777789,4.70186678313937e-06,0.0009739239653685805,3,3,TH_vs_SH,WAT_IPC,vWAT,rescue_TH_vs_SH,deseq2_pseudobulk,True
Slco2a1,285.1820736441841,1.2661375204539778,0.3583362365874189,3.5333784060242355,0.0004102847703632255,0.03320589522257602,3,3,TH_vs_SH,WAT_IPC,vWAT,rescue_TH_vs_SH,deseq2_pseudobulk,True
Hebp2,119.1474771701038,-1.1984322066827855,0.3361287645214702,-3.5653961611673837,0.0003633069864551742,0.03020390939774615,3,3,TH_vs_SH,WAT_IPC,vWAT,rescue_TH_vs_SH,deseq2_pseudobulk,True
Arhgap18,118.21522357140209,-2.4280123090207533,0.3937327727038117,-6.166650269794135,6.975179349468994e-10,4.2621833414930285e-07,3,3,TH_vs_SH,WAT_IPC,vWAT,rescue_TH_vs_SH,deseq2_pseudobulk,True
9330159F19Rik,40.33328341211052,1.7624249921029624,0.5167512140932082,3.4105870369277302,0.0006482319086805443,0.04801237670293898,3,3,TH_vs_SH,WAT_IPC,vWAT,rescue_TH_vs_SH,deseq2_pseudobulk,True
Rspo3,71.17560123666988,1.8086472627504213,0.4703247942972266,3.8455282066363443,0.00012029302493639215,0.013612046830996745,3,3,TH_vs_SH,WAT_IPC,vWAT,rescue_TH_vs_SH,deseq2_pseudobulk,True
Sowahc,107.05142829340112,1.489588778739909,0.38292628746986185,3.8900144165661303,0.00010023826679791621,0.012009920181738569,3,3,TH_vs_SH,WAT_IPC,vWAT,rescue_TH_vs_SH,deseq2_pseudobulk,True
Pdxk,299.2162258434651,0.8080871911012993,0.22957431085555974,3.5199373487816765,0.0004316487460228238,0.03470512713911138,3,3,TH_vs_SH,WAT_IPC,vWAT,rescue_TH_vs_SH,deseq2_pseudobulk,True
Timp3,7531.743524160703,0.7390322999320112,0.19374751193275078,3.814409240974033,0.0001365090930839826,0.014634014268239924,3,3,TH_vs_SH,WAT_IPC,vWAT,rescue_TH_vs_SH,deseq2_pseudobulk,True
Dusp6,32.03855418238668,-2.9338535180422403,0.7041441232077957,-4.166552586815311,3.0924058227840935e-05,0.004446151948264048,3,3,TH_vs_SH,WAT_IPC,vWAT,rescue_TH_vs_SH,deseq2_pseudobulk,True
Avpr1a,30.179585424325918,3.215801031341316,0.7269614353325963,4.423619844249423,9.706074968682099e-06,0.001634230552616431,3,3,TH_vs_SH,WAT_IPC,vWAT,rescue_TH_vs_SH,deseq2_pseudobulk,True
Lif,193.64801969749132,1.2659909350632492,0.28679349547968497,4.414294448853446,1.0133995100987758e-05,0.001673615596340154,3,3,TH_vs_SH,WAT_IPC,vWAT,rescue_TH_vs_SH,deseq2_pseudobulk,True
Sh3pxd2b,629.9409992776456,-1.1042432939820144,0.20144737667979287,-5.481547152322786,4.216223159247082e-08,1.5614079766411693e-05,3,3,TH_vs_SH,WAT_IPC,vWAT,rescue_TH_vs_SH,deseq2_pseudobulk,True
Ltc4s,133.8278667892842,-2.341030080650098,0.5563504082830154,-4.207833850387355,2.5783032253716086e-05,0.003890054779909435,3,3,TH_vs_SH,WAT_IPC,vWAT,rescue_TH_vs_SH,deseq2_pseudobulk,True
Vtn,22.099327509806457,4.266355459174726,1.100143150344715,3.8780002928145496,0.0001053185906387301,0.012242482583540769,3,3,TH_vs_SH,WAT_IPC,vWAT,rescue_TH_vs_SH,deseq2_pseudobulk,True
Tmem98,21.660061739235775,-6.198253390025375,1.2378921849343099,-5.007102771518258,5.525542785523057e-07,0.0001534719508679029,3,3,TH_vs_SH,WAT_IPC,vWAT,rescue_TH_vs_SH,deseq2_pseudobulk,True
Dusp14,133.37577830083467,1.3118803992424068,0.3249936414547091,4.036634050347196,5.422354877958125e-05,0.007017404315850759,3,3,TH_vs_SH,WAT_IPC,vWAT,rescue_TH_vs_SH,deseq2_pseudobulk,True
Hlf,293.90967800964876,5.025211086595731,0.9039104418714065,5.559412585379378,2.706841263030478e-08,1.0671066798546927e-05,3,3,TH_vs_SH,WAT_IPC,vWAT,rescue_TH_vs_SH,deseq2_pseudobulk,True
Fam117a,134.66524314088372,1.5464353993796478,0.3225154158513407,4.794919322840856,1.6274031253606142e-06,0.00038247103067369357,3,3,TH_vs_SH,WAT_IPC,vWAT,rescue_TH_vs_SH,deseq2_pseudobulk,True
Dhx58os,75.28565570454289,-1.5808055801647738,0.4357978785125058,-3.6273824589520354,0.00028630904216006016,0.02630814138524884,3,3,TH_vs_SH,WAT_IPC,vWAT,rescue_TH_vs_SH,deseq2_pseudobulk,True
Arl4d,1106.7524174475382,0.9502840766435068,0.25997214825174075,3.655330323013338,0.00025685104398395997,0.024523254754124802,3,3,TH_vs_SH,WAT_IPC,vWAT,rescue_TH_vs_SH,deseq2_pseudobulk,True
Cyb561,268.3363553088704,0.8364130750188942,0.23398518322106385,3.5746411952447015,0.0003507085133736138,0.02949459687084658,3,3,TH_vs_SH,WAT_IPC,vWAT,rescue_TH_vs_SH,deseq2_pseudobulk,True
Cygb,1128.0917720590862,1.38702985125877,0.2805669648381006,4.94366773386577,7.666632725077628e-07,0.0002082087078514971,3,3,TH_vs_SH,WAT_IPC,vWAT,rescue_TH_vs_SH,deseq2_pseudobulk,True
Asap2,659.2919708985391,-0.6237485400579066,0.17983297174623722,-3.468488197693134,0.0005233955162205024,0.039977603773317244,3,3,TH_vs_SH,WAT_IPC,vWAT,rescue_TH_vs_SH,deseq2_pseudobulk,True
Rsad2,14.673505346079224,-3.4608891397236543,0.9567389989199119,-3.617380647836813,0.00029759948475363904,0.026742377229222226,3,3,TH_vs_SH,WAT_IPC,vWAT,rescue_TH_vs_SH,deseq2_pseudobulk,True
Nfkbia,7159.674924739629,0.7217835394502552,0.20604212448990747,3.503087250906356,0.00045989879285378185,0.03579887355073929,3,3,TH_vs_SH,WAT_IPC,vWAT,rescue_TH_vs_SH,deseq2_pseudobulk,True
Rin3,75.37068785632383,-3.5974487009278464,0.5611201554383227,-6.411191375076654,1.4438680921477193e-10,1.2603937110098055e-07,3,3,TH_vs_SH,WAT_IPC,vWAT,rescue_TH_vs_SH,deseq2_pseudobulk,True
Akr1c18,257.6327210445777,-1.8156068822298752,0.4759130556137387,-3.814997005888952,0.00013618458474789124,0.014634014268239924,3,3,TH_vs_SH,WAT_IPC,vWAT,rescue_TH_vs_SH,deseq2_pseudobulk,True
Heatr1,73.3210463802863,1.1024342334038162,0.3245033960769186,3.3972964435247417,0.0006805519877458027,0.04980254995354165,3,3,TH_vs_SH,WAT_IPC,vWAT,rescue_TH_vs_SH,deseq2_pseudobulk,True
Sfrp4,2298.000879917498,-0.9851922449608077,0.23984780222753327,-4.107572534795205,3.998392300754482e-05,0.005429372478613391,3,3,TH_vs_SH,WAT_IPC,vWAT,rescue_TH_vs_SH,deseq2_pseudobulk,True
Hist1h2bc,562.8410951734897,-0.9863356568972158,0.24793933399533533,-3.9781330416728977,6.945850578726561e-05,0.008751055662125496,3,3,TH_vs_SH,WAT_IPC,vWAT,rescue_TH_vs_SH,deseq2_pseudobulk,True
Tubb2b,689.326695039214,-0.8461739999258274,0.24647562727769176,-3.4330940112487696,0.0005967351489488171,0.044740492363825116,3,3,TH_vs_SH,WAT_IPC,vWAT,rescue_TH_vs_SH,deseq2_pseudobulk,True
Aspn,3747.2157908233694,-1.3920291688396493,0.32862814470704743,-4.2358793404033035,2.276590090302397e-05,0.0034777759366981993,3,3,TH_vs_SH,WAT_IPC,vWAT,rescue_TH_vs_SH,deseq2_pseudobulk,True
S1pr3,610.490975952593,-0.8151603181511575,0.2269417477399919,-3.5919363725227407,0.0003282299992571103,0.028652134435151036,3,3,TH_vs_SH,WAT_IPC,vWAT,rescue_TH_vs_SH,deseq2_pseudobulk,True
Ntrk2,398.72633962441085,1.2519306753756596,0.29981027203798377,4.175743102014361,2.9701486683252312e-05,0.004373275527181042,3,3,TH_vs_SH,WAT_IPC,vWAT,rescue_TH_vs_SH,deseq2_pseudobulk,True
Lhfpl2,544.490816563074,-1.0956733532197296,0.2656177749825587,-4.125000118277758,3.7073456640121185e-05,0.0050907271190890006,3,3,TH_vs_SH,WAT_IPC,vWAT,rescue_TH_vs_SH,deseq2_pseudobulk,True
Kif2a,1397.2986544607745,-0.823296282134313,0.19334867209008852,-4.25809121539096,2.061798247619248e-05,0.0031895235929309913,3,3,TH_vs_SH,WAT_IPC,vWAT,rescue_TH_vs_SH,deseq2_pseudobulk,True
Fst,1511.5085838602645,1.4349853185692039,0.23095759616034153,6.213198190601925,5.191689905444045e-10,3.345627091158867e-07,3,3,TH_vs_SH,WAT_IPC,vWAT,rescue_TH_vs_SH,deseq2_pseudobulk,True
Nr1d2,669.1348481229066,1.8685823354830569,0.28753110067238885,6.498713812569821,8.100960005810325e-11,1.0047005691714377e-07,3,3,TH_vs_SH,WAT_IPC,vWAT,rescue_TH_vs_SH,deseq2_pseudobulk,True
Wnt5a,839.6804644433984,0.7538046478186167,0.2095515943926566,3.5972269741176093,0.0003216278113924002,0.028652134435151036,3,3,TH_vs_SH,WAT_IPC,vWAT,rescue_TH_vs_SH,deseq2_pseudobulk,True
Plcxd3,80.34061211975065,1.3522132988837374,0.3734381590392317,3.620983196689549,0.0002934855777541048,0.026742377229222226,3,3,TH_vs_SH,WAT_IPC,vWAT,rescue_TH_vs_SH,deseq2_pseudobulk,True
C7,43.90388201584276,2.841252653047001,0.7828189519151643,3.629514392946012,0.0002839548990849998,0.026289491073619563,3,3,TH_vs_SH,WAT_IPC,vWAT,rescue_TH_vs_SH,deseq2_pseudobulk,True
Basp1,4435.264249424251,-0.7546008189523847,0.2064207742822997,-3.6556437770182835,0.0002565373795210339,0.024523254754124802,3,3,TH_vs_SH,WAT_IPC,vWAT,rescue_TH_vs_SH,deseq2_pseudobulk,True
Matn2,846.6047303375963,-0.8186271423830592,0.2054841284479821,-3.9838947590071077,6.779490532591468e-05,0.008630432687375034,3,3,TH_vs_SH,WAT_IPC,vWAT,rescue_TH_vs_SH,deseq2_pseudobulk,True
Gm49257,60.39860386788561,-1.2922119626655864,0.34522162619611346,-3.7431373489084567,0.00018173682350283254,0.018355419173786088,3,3,TH_vs_SH,WAT_IPC,vWAT,rescue_TH_vs_SH,deseq2_pseudobulk,True
Ndrg1,2872.421452241886,0.6825601467480914,0.19178482559327953,3.558989323772702,0.0003722846630183189,0.030502682890083427,3,3,TH_vs_SH,WAT_IPC,vWAT,rescue_TH_vs_SH,deseq2_pseudobulk,True
St3gal1,293.22144642038603,0.9980941668663605,0.2802260584781341,3.5617464424502883,0.00036839608294953667,0.030420057633285726,3,3,TH_vs_SH,WAT_IPC,vWAT,rescue_TH_vs_SH,deseq2_pseudobulk,True
Tef,490.3967937169687,2.3397891974262413,0.3042401501435138,7.690599667146279,1.464469953912851e-14,4.4743218266922384e-11,3,3,TH_vs_SH,WAT_IPC,vWAT,rescue_TH_vs_SH,deseq2_pseudobulk,True
Nfkbiz,2417.7906362334434,0.6937875020021191,0.19349279530470842,3.5855986312542387,0.00033630586563295997,0.029148893502839744,3,3,TH_vs_SH,WAT_IPC,vWAT,rescue_TH_vs_SH,deseq2_pseudobulk,True
Col8a1,218.33447313335486,-2.296186492125606,0.3187285175236077,-7.204207863061804,5.838224731499629e-13,1.4269788888731393e-09,3,3,TH_vs_SH,WAT_IPC,vWAT,rescue_TH_vs_SH,deseq2_pseudobulk,True
Vgll3,2062.272118258172,-1.4224104299604625,0.22596015953455414,-6.294961168776062,3.0747682153094687e-10,2.3485463974560635e-07,3,3,TH_vs_SH,WAT_IPC,vWAT,rescue_TH_vs_SH,deseq2_pseudobulk,True
Map3k7cl,33.45034571225769,-2.260576803853762,0.6488774419864214,-3.483827079784764,0.0004942987356892435,0.038233068663659775,3,3,TH_vs_SH,WAT_IPC,vWAT,rescue_TH_vs_SH,deseq2_pseudobulk,True
Clic6,73.5231267160418,3.1371841336529194,0.5322767371966389,5.893896754112608,3.771928983194123e-09,1.920697670983974e-06,3,3,TH_vs_SH,WAT_IPC,vWAT,rescue_TH_vs_SH,deseq2_pseudobulk,True
Has1,13923.999494119309,1.0025250433316606,0.2662493416923273,3.765361585344912,0.00016630823353542306,0.017079436319633656,3,3,TH_vs_SH,WAT_IPC,vWAT,rescue_TH_vs_SH,deseq2_pseudobulk,True
Angptl4,1080.3689714178283,-1.1682434398069663,0.2780775805427162,-4.201142132806746,2.6557178857490714e-05,0.003957991253870659,3,3,TH_vs_SH,WAT_IPC,vWAT,rescue_TH_vs_SH,deseq2_pseudobulk,True
Slc29a1,957.9990795200364,1.0740711325153902,0.259683373484378,4.136079711626221,3.532895126762963e-05,0.004906308107292065,3,3,TH_vs_SH,WAT_IPC,vWAT,rescue_TH_vs_SH,deseq2_pseudobulk,True
AI661453,25.77546308711956,-1.9275447316414553,0.5389541528360364,-3.5764539924193954,0.0003482865796151351,0.02949459687084658,3,3,TH_vs_SH,WAT_IPC,vWAT,rescue_TH_vs_SH,deseq2_pseudobulk,True
Rftn1,731.3908134305781,-1.1817650808461333,0.2532217677420057,-4.6669174272970535,3.057521306935111e-06,0.0006555432963518244,3,3,TH_vs_SH,WAT_IPC,vWAT,rescue_TH_vs_SH,deseq2_pseudobulk,True
Mpp7,864.0324250333646,0.7617634569643432,0.20468026532154693,3.721724005817729,0.00019786722555865211,0.019659637102051118,3,3,TH_vs_SH,WAT_IPC,vWAT,rescue_TH_vs_SH,deseq2_pseudobulk,True
Tslp,231.6804490784043,1.5646036831502907,0.2590901692151395,6.038838478086361,1.5522752942427351e-09,8.247981030843681e-07,3,3,TH_vs_SH,WAT_IPC,vWAT,rescue_TH_vs_SH,deseq2_pseudobulk,True
Ppic,2176.924122982128,-0.6278170338662751,0.1638947448328896,-3.8306111309817164,0.0001278253849753283,0.014073459727779163,3,3,TH_vs_SH,WAT_IPC,vWAT,rescue_TH_vs_SH,deseq2_pseudobulk,True
Fbn2,42.48867751458542,-3.3617117661706186,0.5403884368431779,-6.220917282777085,4.942567001376971e-10,3.345627091158867e-07,3,3,TH_vs_SH,WAT_IPC,vWAT,rescue_TH_vs_SH,deseq2_pseudobulk,True
Ankrd1,323.68183833945983,-1.1560902639518122,0.3217273310129435,-3.593385306470284,0.0003264093610706198,0.028652134435151036,3,3,TH_vs_SH,WAT_IPC,vWAT,rescue_TH_vs_SH,deseq2_pseudobulk,True
Rbp4,38.917282711067394,3.900722067228639,0.7946155756789913,4.908942369894411,9.156887967339295e-07,0.0002380985698911777,3,3,TH_vs_SH,WAT_IPC,vWAT,rescue_TH_vs_SH,deseq2_pseudobulk,True
Gsto1,18.147953106906986,7.347595695177646,2.0207466991347376,3.636079523635401,0.0002768189063635792,0.02582445690587253,3,3,TH_vs_SH,WAT_IPC,vWAT,rescue_TH_vs_SH,deseq2_pseudobulk,True
Timp1,857.5981611095076,-2.723476977004498,0.2389940225006594,-11.395586167838083,4.3985966684267486e-30,5.375524988484329e-26,3,3,TH_vs_SH,WAT_IPC,vWAT,rescue_TH_vs_SH,deseq2_pseudobulk,True
Klhl13,481.56746328090253,-1.2361852910565552,0.19381364979079238,-6.378215839756005,1.7916289562722627e-10,1.4596998316402215e-07,3,3,TH_vs_SH,WAT_IPC,vWAT,rescue_TH_vs_SH,deseq2_pseudobulk,True
C430049B03Rik,39.52395243757217,-2.996881880960869,0.560916813627392,-5.342827685232572,9.150774343078068e-08,3.0224760336961368e-05,3,3,TH_vs_SH,WAT_IPC,vWAT,rescue_TH_vs_SH,deseq2_pseudobulk,True
Tmem35a,110.71198575041467,-1.4094751773767102,0.3051002632200687,-4.6197114433823225,3.842740953751745e-06,0.0008096920206172427,3,3,TH_vs_SH,WAT_IPC,vWAT,rescue_TH_vs_SH,deseq2_pseudobulk,True
Nrk,75.77029823330264,-2.8103722810061296,0.640935297340822,-4.3847987350144235,1.1609306467070858e-05,0.0018916977911209725,3,3,TH_vs_SH,WAT_IPC,vWAT,rescue_TH_vs_SH,deseq2_pseudobulk,True
Ccl22,23.043562876481307,5.398362126072419,1.1096664141504975,4.864851325796971,1.1454287557030656e-06,0.013141504114181272,2,2,TH_vs_SH,cDC1,vWAT,rescue_TH_vs_SH,deseq2_pseudobulk,True
Npas2,26.519766685514984,-3.6684505601624897,0.5677354346658353,-6.461549405176218,1.0363630787164993e-10,1.2306811559758428e-07,3,3,TH_vs_SH,pre_CP,vWAT,rescue_TH_vs_SH,deseq2_pseudobulk,True
Col3a1,34232.51055865491,-0.8901975689468072,0.16499256316656802,-5.3953799605386425,6.837869517573022e-08,4.273668448483139e-05,3,3,TH_vs_SH,pre_CP,vWAT,rescue_TH_vs_SH,deseq2_pseudobulk,True
Cyp27a1,193.04548461778109,0.8788115121136553,0.23295404227540273,3.7724673224373904,0.0001616411417907923,0.03146702555353539,3,3,TH_vs_SH,pre_CP,vWAT,rescue_TH_vs_SH,deseq2_pseudobulk,True
Slc41a1,93.3137213311734,1.146710549862835,0.29152677945962996,3.933465570430139,8.372983692117074e-05,0.018412811359979676,3,3,TH_vs_SH,pre_CP,vWAT,rescue_TH_vs_SH,deseq2_pseudobulk,True
Ephx1,202.79541982654624,1.0781772827169336,0.23722540595769756,4.544948625398057,5.494865467533709e-06,0.0018152766541056564,3,3,TH_vs_SH,pre_CP,vWAT,rescue_TH_vs_SH,deseq2_pseudobulk,True
Il15ra,52.70547706908982,1.4568121795221098,0.36527361485739673,3.988276514554305,6.655506086210521e-05,0.015198872071874987,3,3,TH_vs_SH,pre_CP,vWAT,rescue_TH_vs_SH,deseq2_pseudobulk,True
Chst1,68.5262762833224,1.8365795987478843,0.41370343662541004,4.439362683880302,9.022565925840147e-06,0.0027472556504961987,3,3,TH_vs_SH,pre_CP,vWAT,rescue_TH_vs_SH,deseq2_pseudobulk,True
Postn,2711.8616981275723,-1.5056328102787924,0.17779081703327848,-8.468563424155766,2.4843794906105736e-17,8.697763822503333e-14,3,3,TH_vs_SH,pre_CP,vWAT,rescue_TH_vs_SH,deseq2_pseudobulk,True
Tm4sf1,351.97804528664847,-1.0228831158846503,0.24350501743605016,-4.20066545919647,2.661315915137097e-05,0.007182528748239324,3,3,TH_vs_SH,pre_CP,vWAT,rescue_TH_vs_SH,deseq2_pseudobulk,True
Sfrp2,147.3786742341756,-1.8474431022324342,0.30122148702694324,-6.133171708521533,8.614408130246431e-10,9.299645140606942e-07,3,3,TH_vs_SH,pre_CP,vWAT,rescue_TH_vs_SH,deseq2_pseudobulk,True
Arhgap29,205.00156553483245,-1.0252620027349066,0.2624279612950949,-3.906832174724021,9.351405642592962e-05,0.019703780599068535,3,3,TH_vs_SH,pre_CP,vWAT,rescue_TH_vs_SH,deseq2_pseudobulk,True
Fyb2,34.342392781192565,1.8121141481296663,0.48672146957990564,3.723102968302838,0.00019678921716944118,0.03651362427948616,3,3,TH_vs_SH,pre_CP,vWAT,rescue_TH_vs_SH,deseq2_pseudobulk,True
Cyp4b1,17.68379808150712,-3.896819444524589,0.85027653359499,-4.583002459269034,4.58346647530581e-06,0.0016493534664926211,3,3,TH_vs_SH,pre_CP,vWAT,rescue_TH_vs_SH,deseq2_pseudobulk,True
Zc3h12a,116.14299943713597,1.1686070174287397,0.28930581994061294,4.039348457174573,5.359988545983563e-05,0.012989768159909145,3,3,TH_vs_SH,pre_CP,vWAT,rescue_TH_vs_SH,deseq2_pseudobulk,True
Per3,60.809375000401566,2.1102487769834597,0.36516267945680686,5.778927846959974,7.517815604313968e-09,5.579628768826773e-06,3,3,TH_vs_SH,pre_CP,vWAT,rescue_TH_vs_SH,deseq2_pseudobulk,True
Spon2,199.86108059657215,-1.8999820835531869,0.28935032554687473,-6.566372717784933,5.155567602279256e-11,6.802485030785129e-08,3,3,TH_vs_SH,pre_CP,vWAT,rescue_TH_vs_SH,deseq2_pseudobulk,True
Cldn15,37.45571460752488,-1.8666837078295013,0.4956578202774447,-3.7660733503299193,0.000165835090397227,0.03176276933011404,3,3,TH_vs_SH,pre_CP,vWAT,rescue_TH_vs_SH,deseq2_pseudobulk,True
Inmt,929.5281228809721,1.6009549440162665,0.19844624623370222,8.0674488653763,7.17822534735402e-16,1.7048285199965796e-12,3,3,TH_vs_SH,pre_CP,vWAT,rescue_TH_vs_SH,deseq2_pseudobulk,True
Adcyap1r1,124.34607573471568,-1.2025231749474028,0.2878742077535803,-4.177252225307938,2.9505178992256417e-05,0.007786088900734333,3,3,TH_vs_SH,pre_CP,vWAT,rescue_TH_vs_SH,deseq2_pseudobulk,True
Pde3a,242.92356066853404,-0.9408740774708794,0.21513706395508833,-4.373370446606517,1.2234286005790401e-05,0.0036320536579690253,3,3,TH_vs_SH,pre_CP,vWAT,rescue_TH_vs_SH,deseq2_pseudobulk,True
Tmtc1,151.38860774644212,1.1608382050077943,0.25877268979784085,4.485937855013478,7.259389995165526e-06,0.002324335579119402,3,3,TH_vs_SH,pre_CP,vWAT,rescue_TH_vs_SH,deseq2_pseudobulk,True
Peg3,99.68408329703674,-1.6204552003330974,0.2756474523597397,-5.878723661186924,4.134419011139375e-09,3.2730817171520053e-06,3,3,TH_vs_SH,pre_CP,vWAT,rescue_TH_vs_SH,deseq2_pseudobulk,True
Rtn2,63.03261206100621,-1.328785281180685,0.3590946850955883,-3.700375795946332,0.00021528042740964979,0.039330078084455246,3,3,TH_vs_SH,pre_CP,vWAT,rescue_TH_vs_SH,deseq2_pseudobulk,True
Dbp,179.66461371949947,6.013526902730574,0.7999301342832298,7.51756515351049,5.580575067156474e-14,1.1044888153747188e-10,3,3,TH_vs_SH,pre_CP,vWAT,rescue_TH_vs_SH,deseq2_pseudobulk,True
Nmb,191.11986665161086,1.2338682291342962,0.2753704819143448,4.480757053394329,7.437873853182087e-06,0.002324335579119402,3,3,TH_vs_SH,pre_CP,vWAT,rescue_TH_vs_SH,deseq2_pseudobulk,True
Prss23,1067.4810723725834,-0.9424618452525666,0.24383681984063318,-3.865133435830325,0.00011102848320836795,0.022732124794816715,3,3,TH_vs_SH,pre_CP,vWAT,rescue_TH_vs_SH,deseq2_pseudobulk,True
Arntl,75.53623042267047,-3.0523570594464466,0.3539956819875559,-8.622582745384298,6.546062964146207e-18,4.3803373609593715e-14,3,3,TH_vs_SH,pre_CP,vWAT,rescue_TH_vs_SH,deseq2_pseudobulk,True
Tspan4,209.02036676641583,1.1397228886849609,0.23335454572890862,4.884082652535912,1.039114833016293e-06,0.0004570180978543881,3,3,TH_vs_SH,pre_CP,vWAT,rescue_TH_vs_SH,deseq2_pseudobulk,True
Hpgd,356.76610823304145,-1.866119145660521,0.25473270852117974,-7.325793206903238,2.374897677548491e-13,3.5252387401110416e-10,3,3,TH_vs_SH,pre_CP,vWAT,rescue_TH_vs_SH,deseq2_pseudobulk,True
Lpl,2772.266552176216,-1.1990825911902057,0.19666790520852082,-6.096991727851354,1.0808311028446045e-09,1.053317155240563e-06,3,3,TH_vs_SH,pre_CP,vWAT,rescue_TH_vs_SH,deseq2_pseudobulk,True
Cotl1,126.3043784573304,1.1439367126215325,0.2930093536800898,3.9040962285132124,9.457814687552897e-05,0.019703780599068535,3,3,TH_vs_SH,pre_CP,vWAT,rescue_TH_vs_SH,deseq2_pseudobulk,True
Col5a3,2627.6856985161216,-0.65059296959574,0.17924935714332368,-3.6295414386091256,0.0002839251513157815,0.049582517233454484,3,3,TH_vs_SH,pre_CP,vWAT,rescue_TH_vs_SH,deseq2_pseudobulk,True
Icam1,367.02611925712904,0.8928574677952018,0.21214988859559178,4.2086162463049925,2.5693933421787752e-05,0.007095708357761153,3,3,TH_vs_SH,pre_CP,vWAT,rescue_TH_vs_SH,deseq2_pseudobulk,True
Arhgap18,100.17709076324961,-1.5685089059828647,0.29808717807505747,-5.261913364109605,1.4256394434835976e-07,8.464734195683861e-05,3,3,TH_vs_SH,pre_CP,vWAT,rescue_TH_vs_SH,deseq2_pseudobulk,True
Marcks,1637.8225776505071,-1.1322305306834708,0.21596270092765268,-5.242713328829717,1.5823228113492425e-07,8.947658754653455e-05,3,3,TH_vs_SH,pre_CP,vWAT,rescue_TH_vs_SH,deseq2_pseudobulk,True
Timp3,1306.9841033456587,1.8447587551717686,0.2142854255327179,8.608885791395569,7.3774102921421e-18,4.3803373609593715e-14,3,3,TH_vs_SH,pre_CP,vWAT,rescue_TH_vs_SH,deseq2_pseudobulk,True
Sh3pxd2b,277.8414006928717,-1.0680051847131387,0.20568265784468542,-5.192490197786184,2.0749979853776518e-07,0.0001071330481580853,3,3,TH_vs_SH,pre_CP,vWAT,rescue_TH_vs_SH,deseq2_pseudobulk,True
Irf1,446.6599431872594,1.1184502322930623,0.2611163804867096,4.283339981231049,1.8410852105795952e-05,0.0052054492561030225,3,3,TH_vs_SH,pre_CP,vWAT,rescue_TH_vs_SH,deseq2_pseudobulk,True
Vtn,77.88914656438347,1.3754631340237036,0.34141865436754776,4.028670128091404,5.609326085173258e-05,0.013322149452286488,3,3,TH_vs_SH,pre_CP,vWAT,rescue_TH_vs_SH,deseq2_pseudobulk,True
Ccl2,4097.166608148675,1.1949421082731293,0.32409672816032314,3.6869921984587855,0.0002269203109682382,0.0404400216702536,3,3,TH_vs_SH,pre_CP,vWAT,rescue_TH_vs_SH,deseq2_pseudobulk,True
Ccl8,64.54267255569056,-1.8079480142729776,0.3487264693913642,-5.184430127797317,2.166763564190806e-07,0.0001072096555198576,3,3,TH_vs_SH,pre_CP,vWAT,rescue_TH_vs_SH,deseq2_pseudobulk,True
Hlf,103.65896775321913,2.07870201896345,0.34151924725329386,6.0866321171695015,1.1531050962633533e-09,1.053317155240563e-06,3,3,TH_vs_SH,pre_CP,vWAT,rescue_TH_vs_SH,deseq2_pseudobulk,True
Nr1d1,75.29335599500268,2.3061076468363133,0.4246249577457916,5.430928175015328,5.606169647934421e-08,3.698514698290069e-05,3,3,TH_vs_SH,pre_CP,vWAT,rescue_TH_vs_SH,deseq2_pseudobulk,True
Cyb561,67.27471302569647,1.1582259415712324,0.31425732028527753,3.6855973331657452,0.00022816685910795716,0.0404400216702536,3,3,TH_vs_SH,pre_CP,vWAT,rescue_TH_vs_SH,deseq2_pseudobulk,True
Sept9,23.946717394379295,-2.4312093959849386,0.5894594681763287,-4.1244725502613795,3.715853025988213e-05,0.00959255536600218,3,3,TH_vs_SH,pre_CP,vWAT,rescue_TH_vs_SH,deseq2_pseudobulk,True
Rnf144a,87.01036208031167,-1.4232361545600396,0.30655385897464127,-4.642695281411455,3.438933481305874e-06,0.0012761667215783518,3,3,TH_vs_SH,pre_CP,vWAT,rescue_TH_vs_SH,deseq2_pseudobulk,True
Sox11,62.25766700191985,-1.214791193584756,0.31936465481540915,-3.803774698508506,0.0001425078015637499,0.028204669059492163,3,3,TH_vs_SH,pre_CP,vWAT,rescue_TH_vs_SH,deseq2_pseudobulk,True
Sfrp4,215.57737139851122,-1.5976114238632186,0.2666749429565182,-5.990856906731247,2.0873824271335207e-09,1.7705475944436112e-06,3,3,TH_vs_SH,pre_CP,vWAT,rescue_TH_vs_SH,deseq2_pseudobulk,True
Hist1h2bc,143.3811203060595,-1.013081110553602,0.26262128862962036,-3.8575742120524312,0.00011451791487886577,0.023049156596381883,3,3,TH_vs_SH,pre_CP,vWAT,rescue_TH_vs_SH,deseq2_pseudobulk,True
Tgfbi,24.014014422551256,2.7603570426012185,0.5910317454329186,4.670404024709898,3.0060790703224866e-06,0.0011899062986693175,3,3,TH_vs_SH,pre_CP,vWAT,rescue_TH_vs_SH,deseq2_pseudobulk,True
Lhfpl2,116.26429382798692,-1.3136772287554346,0.2757895561411927,-4.763332038878538,1.9042211808524655e-06,0.0008075938043793938,3,3,TH_vs_SH,pre_CP,vWAT,rescue_TH_vs_SH,deseq2_pseudobulk,True
Nr1d2,185.36319495714918,2.254172068707464,0.2667870541802358,8.449330780438062,2.9297730770537545e-17,8.697763822503333e-14,3,3,TH_vs_SH,pre_CP,vWAT,rescue_TH_vs_SH,deseq2_pseudobulk,True
Gdf10,1412.3259256334322,1.0598586617137924,0.21225938731484625,4.99322397525672,5.937962794549548e-07,0.00028205323274110356,3,3,TH_vs_SH,pre_CP,vWAT,rescue_TH_vs_SH,deseq2_pseudobulk,True
Nefm,14.224913340738512,3.500591659437414,0.886821099293009,3.9473481880710257,7.902159337611371e-05,0.01770530983662925,3,3,TH_vs_SH,pre_CP,vWAT,rescue_TH_vs_SH,deseq2_pseudobulk,True
Basp1,664.829737981833,-0.8427628762193786,0.1850709340223512,-4.553728983275123,5.270324569639058e-06,0.0018152766541056564,3,3,TH_vs_SH,pre_CP,vWAT,rescue_TH_vs_SH,deseq2_pseudobulk,True
Tef,115.07588298216554,2.4154680019357264,0.32556711711708347,7.419262803089089,1.1777401610524124e-13,1.9979520589281994e-10,3,3,TH_vs_SH,pre_CP,vWAT,rescue_TH_vs_SH,deseq2_pseudobulk,True
Vgll3,492.35645943129634,-1.071019922184035,0.24930245385573943,-4.296066507246608,1.738554429226487e-05,0.005035447279771838,3,3,TH_vs_SH,pre_CP,vWAT,rescue_TH_vs_SH,deseq2_pseudobulk,True
Cdkn1a,784.9734609212518,-1.0775023653428921,0.2691501371108256,-4.0033506091034186,6.24516428466195e-05,0.01454143644712954,3,3,TH_vs_SH,pre_CP,vWAT,rescue_TH_vs_SH,deseq2_pseudobulk,True
Angptl4,339.83459981869174,-1.0121504073608134,0.21615660846372392,-4.682486529347427,2.8341581788438884e-06,0.0011605389094403852,3,3,TH_vs_SH,pre_CP,vWAT,rescue_TH_vs_SH,deseq2_pseudobulk,True
C4b,197.2609984990041,-1.3155706871562214,0.3526800210125357,-3.73021041390224,0.00019131992657985922,0.036062287748187746,3,3,TH_vs_SH,pre_CP,vWAT,rescue_TH_vs_SH,deseq2_pseudobulk,True
Rftn1,174.9329060151674,-1.2046032054417954,0.2591489731801904,-4.64830398769983,3.346754435265145e-06,0.0012761667215783518,3,3,TH_vs_SH,pre_CP,vWAT,rescue_TH_vs_SH,deseq2_pseudobulk,True
Cdc42ep3,28.239391987322808,-2.460675563468073,0.5991614431285044,-4.106865673164357,4.01064308203957e-05,0.010133273744514872,3,3,TH_vs_SH,pre_CP,vWAT,rescue_TH_vs_SH,deseq2_pseudobulk,True
Taf4b,107.74541940748817,1.6663510270155197,0.42587089951689816,3.9128079164502774,9.122909985667885e-05,0.019697192014510208,3,3,TH_vs_SH,pre_CP,vWAT,rescue_TH_vs_SH,deseq2_pseudobulk,True
Pcdh12,11.962279633259834,-3.1007358795366207,0.7581492917048384,-4.089875059520328,4.316056196348093e-05,0.010677743194090334,3,3,TH_vs_SH,pre_CP,vWAT,rescue_TH_vs_SH,deseq2_pseudobulk,True
Lvrn,79.20239673287328,1.5025148249358655,0.3306131539527246,4.544631110323925,5.503154488236095e-06,0.0018152766541056564,3,3,TH_vs_SH,pre_CP,vWAT,rescue_TH_vs_SH,deseq2_pseudobulk,True
Fbn2,17.771995038419167,-5.582483393226629,1.010784596341067,-5.522920920475664,3.334098221314096e-08,2.3289656693002877e-05,3,3,TH_vs_SH,pre_CP,vWAT,rescue_TH_vs_SH,deseq2_pseudobulk,True
Ccbe1,85.48605992687249,1.5695604954601852,0.3191770704460491,4.917522719494632,8.764628738084441e-07,0.0004003075625567413,3,3,TH_vs_SH,pre_CP,vWAT,rescue_TH_vs_SH,deseq2_pseudobulk,True
Klhl13,204.27349745656159,-1.21140492568513,0.23216615894142512,-5.217835929269796,1.8102570620014239e-07,9.771273914212231e-05,3,3,TH_vs_SH,pre_CP,vWAT,rescue_TH_vs_SH,deseq2_pseudobulk,True
